annee,semaine,mois,date_debut,date_fin,poids,variation_pct,commentaire,unite,prix,variation,source
2023,1,,2023-01-02,2023-01-08,8 à 11 kg,,,EUR/kg vif,3.76,,COT-VRO-caprins-A23-S01.csv
2023,2,,2023-01-09,2023-01-15,8 à 11 kg,1.05,,EUR/kg vif,3.8,0.04,COT-VRO-caprins-A23-S02.csv
2023,3,,2023-01-16,2023-01-22,8 à 11 kg,0,,EUR/kg vif,3.8,0,COT-VRO-caprins-A23-S03.csv
2023,4,,2023-01-23,2023-01-29,8 à 11 kg,0,VOLUME TRÈS FAIBLE.,EUR/kg vif,3.8,0,COT-VRO-caprins-A23-S04.csv
2023,5,,2023-01-30,2023-02-05,8 à 11 kg,0,RECONDUCTION.,EUR/kg vif,3.8,0,COT-VRO-caprins-A23-S05.csv
2023,6,,2023-02-06,2023-02-12,8 à 11 kg,-3.26,"RECONDUCTION DE LA COTATION, VOLUME A LA HAUSSE.",EUR/kg vif,3.68,-0.12,COT-VRO-caprins-A23-S06.csv
2023,7,,2023-02-13,2023-02-19,8 à 11 kg,0,"VOLUME A LA HAUSSE, MARCHÉ DE CONGELATION.",EUR/kg vif,3.68,0,COT-VRO-caprins-A23-S07.csv
2023,8,,2023-02-20,2023-02-26,8 à 11 kg,0,"VOLUME À LA HAUSSE, MARCHÉ DE CONGELATION.",EUR/kg vif,3.68,0,COT-VRO-caprins-A23-S08.csv
2023,9,,2023-02-27,2023-03-05,8 à 11 kg,0,"RECONDUCTION DE LA COTATION, MARCHÉ DE CONGELATION.",EUR/kg vif,3.68,0,COT-VRO-caprins-A23-S09.csv
2023,10,,2023-03-06,2023-03-12,8 à 11 kg,0,RECONDUCTION DE LA COTATION. QUANTITÉ EN HAUSSE. VOLUME IMPORTANT. CONGÉLATION.,EUR/kg vif,3.68,0,COT-VRO-caprins-A23-S10.csv
2023,11,,2023-03-13,2023-03-19,8 à 11 kg,0,"RECONDUCTION DE LA COTATION - VOLUME IMPORTANT, MARCHÉ DE CONGELATION. QUANTITÉ EN HAUSSE.",EUR/kg vif,3.68,0,COT-VRO-caprins-A23-S11.csv
2023,12,,2023-03-20,2023-03-26,8 à 11 kg,0,"RECONDUCTION DES COURS, VOLUME IMPORTANT. MARCHÉ DE CONGELATION.",EUR/kg vif,3.68,0,COT-VRO-caprins-A23-S12.csv
2023,13,,2023-03-27,2023-04-02,8 à 11 kg,5.64,AUGMENTATION POUR LES FÊTES DE PAQUES.,EUR/kg vif,3.9,0.22,COT-VRO-caprins-A23-S13.csv
2023,14,,2023-04-03,2023-04-09,8 à 11 kg,0,RECONDUCTION DES COURS.,EUR/kg vif,3.9,0,COT-VRO-caprins-A23-S14.csv
2023,15,,2023-04-10,2023-04-16,8 à 11 kg,-12.07,,EUR/kg vif,3.48,-0.42,COT-VRO-caprins-A23-S15.csv
2023,16,,2023-04-17,2023-04-23,8 à 11 kg,0,,EUR/kg vif,3.48,0,COT-VRO-caprins-A23-S16.csv
2023,17,,2023-04-24,2023-04-30,8 à 11 kg,0,VOLUME IMPORTANT. MARCHÉ DE CONGÉLATION.,EUR/kg vif,3.48,0,COT-VRO-caprins-A23-S17.csv
2023,18,,2023-05-01,2023-05-07,8 à 11 kg,0,RECONDUCTION DES COURS.,EUR/kg vif,3.48,0,COT-VRO-caprins-A23-S18.csv
2023,19,,2023-05-08,2023-05-14,8 à 11 kg,0,RECONDUCTION DE LA COTATION.,EUR/kg vif,3.48,0,COT-VRO-caprins-A23-S19.csv
2023,20,,2023-05-15,2023-05-21,8 à 11 kg,0,RECONDUCTION DE LA COTATION.,EUR/kg vif,3.48,0,COT-VRO-caprins-A23-S20.csv
2023,21,,2023-05-22,2023-05-28,8 à 11 kg,0,,EUR/kg vif,3.48,0,COT-VRO-caprins-A23-S21.csv
2023,22,,2023-05-29,2023-06-04,8 à 11 kg,0,"RECONDUCTION DE LA COTATION, MARCHÉ DE CONGELATION.",EUR/kg vif,3.48,0,COT-VRO-caprins-A23-S22.csv
2023,23,,2023-06-05,2023-06-11,8 à 11 kg,0,"DERNIERS ABATTAGES DE LA SAISON, REPRISE DES ABATTAGES EN SEPTEMBRE.",EUR/kg vif,3.48,0,COT-VRO-caprins-A23-S23.csv
2023,38,,2023-09-18,2023-09-24,8 à 11 kg,,"REPRISE DES ABATTAGES, QUANTITÉS TRÈS FAIBLES.",EUR/kg vif,3.5,,COT-VRO-caprins-A23-S38.csv
2023,39,,2023-09-25,2023-10-01,8 à 11 kg,0,QUANTITÉS FAIBLES. VOLUME FAIBLE.,EUR/kg vif,3.5,0,COT-VRO-caprins-A23-S39.csv
2023,40,,2023-10-02,2023-10-08,8 à 11 kg,0,"RECONDUCTION DE LA COTATION, VOLUME EN LÉGÈRE HAUSSE. QUANTITÉS FAIBLES.",EUR/kg vif,3.5,0,COT-VRO-caprins-A23-S40.csv
2023,41,,2023-10-09,2023-10-15,8 à 11 kg,0.57,QUANTITÉS FAIBLES.,EUR/kg vif,3.52,0.02,COT-VRO-caprins-A23-S41.csv
2023,42,,2023-10-16,2023-10-22,8 à 11 kg,-0.57,QUANTITÉS FAIBLES,EUR/kg vif,3.5,-0.02,COT-VRO-caprins-A23-S42.csv
2023,43,,2023-10-23,2023-10-29,8 à 11 kg,0,"QUANTITÉS FAIBLES, RECONDUCTION DE LA COTATION.",EUR/kg vif,3.5,0,COT-VRO-caprins-A23-S43.csv
2023,44,,2023-10-30,2023-11-05,8 à 11 kg,0,"RECONDUCTION DE LA COTATION, VOLUME FAIBLE.",EUR/kg vif,3.5,0,COT-VRO-caprins-A23-S44.csv
2023,45,,2023-11-06,2023-11-12,8 à 11 kg,0,RECONDUCTION DE LA COTATION.,EUR/kg vif,3.5,0,COT-VRO-caprins-A23-S45.csv
2023,46,,2023-11-13,2023-11-19,8 à 11 kg,0,RECONDUCTION DE LA COTATION.,EUR/kg vif,3.5,0,COT-VRO-caprins-A23-S46.csv
2023,47,,2023-11-20,2023-11-26,8 à 11 kg,0,RECONDUCTION DES COURS.,EUR/kg vif,3.5,0,COT-VRO-caprins-A23-S47.csv
2023,48,,2023-11-27,2023-12-03,8 à 11 kg,18.22,UNE HAUSSE DU TARIF À L'APPROCHE DES FÊTES. AUGMENTATION DE LA COTATION.,EUR/kg vif,4.28,0.78,COT-VRO-caprins-A23-S48.csv
2023,49,,2023-12-04,2023-12-10,8 à 11 kg,7.56,COTATION EN HAUSSE POUR LES FÊTES DE NOËL.,EUR/kg vif,4.63,0.35,COT-VRO-caprins-A23-S49.csv
2023,50,,2023-12-11,2023-12-17,8 à 11 kg,0,RECONDUCTION DES COURS.,EUR/kg vif,4.63,0,COT-VRO-caprins-A23-S50.csv
2023,51,,2023-12-18,2023-12-24,8 à 11 kg,0,RECONDUCTION DE LA COTATION.,EUR/kg vif,4.63,0,COT-VRO-caprins-A23-S51.csv
2023,52,,2023-12-25,2023-12-31,8 à 11 kg,-7.18,,EUR/kg vif,4.32,-0.31,COT-VRO-caprins-A23-S52.csv
2024,1,,2024-01-01,2024-01-07,8 à 11 kg,-20,TRÉS PEU DE VOLUME APRÈS LES FÊTES.,EUR/kg vif,3.6,-0.72,COT-VRO-caprins-A24-S01.csv
2024,2,,2024-01-08,2024-01-14,8 à 11 kg,1.1,PEU DE VOLUME.,EUR/kg vif,3.64,0.04,COT-VRO-caprins-A24-S02.csv
2024,3,,2024-01-15,2024-01-21,8 à 11 kg,-1.11,LOEUL ET PIRIOT : FAIBLES QUANTITÉS. ETABLISSEMENT RIBOT : RECONDUCTION DE LA COTATION.,EUR/kg vif,3.6,-0.04,COT-VRO-caprins-A24-S03.csv
2024,4,,2024-01-22,2024-01-28,8 à 11 kg,0,"RECONDUCTION DE LA COTATION, VOLUME TRÈS FAIBLE.",EUR/kg vif,3.6,0,COT-VRO-caprins-A24-S04.csv
2024,5,,2024-01-29,2024-02-04,8 à 11 kg,0,RECONDUCTION DE LA COTATION.,EUR/kg vif,3.6,0,COT-VRO-caprins-A24-S05.csv
2024,6,,2024-02-05,2024-02-11,8 à 11 kg,-3.45,QUANTITÉS EN AUGMENTATION. VOLUME TOUJOURS FAIBLE.,EUR/kg vif,3.48,-0.12,COT-VRO-caprins-A24-S06.csv
2024,7,,2024-02-12,2024-02-18,8 à 11 kg,0,QUANTITES EN AUGMENTATION. RECONDUCTION DE LA COTATION.;,EUR/kg vif,3.48,0,COT-VRO-caprins-A24-S07.csv
2024,8,,2024-02-19,2024-02-25,8 à 11 kg,0,"RECONDUCTION DE LA COTATION, VOLUME EN AUGMENTATION.",EUR/kg vif,3.48,0,COT-VRO-caprins-A24-S08.csv
2024,9,,2024-02-26,2024-03-03,8 à 11 kg,0,RECONDUCTION DE LA COTATION. QUANTITES EN AUGMENTATION.;,EUR/kg vif,3.48,0,COT-VRO-caprins-A24-S09.csv
2024,10,,2024-03-04,2024-03-10,8 à 11 kg,0,"RECONDUCTION DE LA COTATION, VOLUME EN AUGMENTATION.",EUR/kg vif,3.48,0,COT-VRO-caprins-A24-S10.csv
2024,11,,2024-03-11,2024-03-17,8 à 11 kg,1.14,AUGMENTATION DE LA COTATION. QUANTITES EN AUGMENTATION.;,EUR/kg vif,3.52,0.04,COT-VRO-caprins-A24-S11.csv
2024,12,,2024-03-18,2024-03-24,8 à 11 kg,5.12,"AUGMENTATION DE LA COTATION, VOLUME TRÈS IMPORTANT.;",EUR/kg vif,3.71,0.19,COT-VRO-caprins-A24-S12.csv
2024,13,,2024-03-25,2024-03-31,8 à 11 kg,0,RECONDUCTION DE LA COTATION.,EUR/kg vif,3.71,0,COT-VRO-caprins-A24-S13.csv
2024,14,,2024-04-01,2024-04-07,8 à 11 kg,-10.42,BAISSE DE LA COTATION.,EUR/kg vif,3.36,-0.35,COT-VRO-caprins-A24-S14.csv
2024,15,,2024-04-08,2024-04-14,8 à 11 kg,0,RECONDUCTION DE LA COTATION.,EUR/kg vif,3.36,0,COT-VRO-caprins-A24-S15.csv
2024,16,,2024-04-15,2024-04-21,8 à 11 kg,0,RECONDUCTION DE LA COTATION.,EUR/kg vif,3.36,0,COT-VRO-caprins-A24-S16.csv
2024,17,,2024-04-22,2024-04-28,8 à 11 kg,0,RECONDUCTION DE LA COTATION. VOLUME TOUJOURS IMPORTANT.,EUR/kg vif,3.36,0,COT-VRO-caprins-A24-S17.csv
2024,18,,2024-04-29,2024-05-05,8 à 11 kg,0,RECONDUCTION DE LA COTATION. VOLUME TOUJOURS IMPORTANT.,EUR/kg vif,3.36,0,COT-VRO-caprins-A24-S18.csv
2024,19,,2024-05-06,2024-05-12,8 à 11 kg,0,RECONDUCTION DE LA COTATION. VOLUME EN BAISSE.,EUR/kg vif,3.36,0,COT-VRO-caprins-A24-S19.csv
2024,20,,2024-05-13,2024-05-19,8 à 11 kg,0,RECONDUCTION DE LA COTATION.,EUR/kg vif,3.36,0,COT-VRO-caprins-A24-S20.csv
2024,21,,2024-05-20,2024-05-26,8 à 11 kg,0,RECONDUCTION DE LA COTATION.,EUR/kg vif,3.36,0,COT-VRO-caprins-A24-S21.csv
2024,22,,2024-05-27,2024-06-02,8 à 11 kg,0,RECONDUCTION DE LA COTATION. VOLUME À LA BAISSE.,EUR/kg vif,3.36,0,COT-VRO-caprins-A24-S22.csv
2024,38,,2024-09-16,2024-09-22,8 à 11 kg,,FIN DE LA TRÊVE ESTIVALE. REPRISE DE LA COTATION. VOLUME FAIBLE.,EUR/kg vif,3.56,,COT-VRO-caprins-A24-S38.csv
2024,39,,2024-09-23,2024-09-29,8 à 11 kg,0,RECONDUCTION DE LA COTATION.,EUR/kg vif,3.56,0,COT-VRO-caprins-A24-S39.csv
2024,40,,2024-09-30,2024-10-06,8 à 11 kg,0,"ACTUALISATION ANNUELLE DES COEFFICIENTS DE PONDÉRATION DES OPÉRATEURS. QAUNTITÉS EN HAUSSE, MAINTIENT DE LA COTATION.",EUR/kg vif,3.56,0,COT-VRO-caprins-A24-S40.csv
2024,41,,2024-10-07,2024-10-13,8 à 11 kg,0,RECONDUCTION DE LA COTATION.,EUR/kg vif,3.56,0,COT-VRO-caprins-A24-S41.csv
2024,42,,2024-10-14,2024-10-20,8 à 11 kg,0,RECONDUCTION.,EUR/kg vif,3.56,0,COT-VRO-caprins-A24-S42.csv
2024,43,,2024-10-21,2024-10-27,8 à 11 kg,0,RECONDUCTION DE LA COTATION. VOLUME EN AUGMENTATION.,EUR/kg vif,3.56,0,COT-VRO-caprins-A24-S43.csv
2024,44,,2024-10-28,2024-11-03,8 à 11 kg,0,RECONDUCTION DE LA COTATION. QUANTITÉS EN HAUSSE.,EUR/kg vif,3.56,0,COT-VRO-caprins-A24-S44.csv
2024,45,,2024-11-04,2024-11-10,8 à 11 kg,0,RECONDUCTION DE LA COTATION.,EUR/kg vif,3.56,0,COT-VRO-caprins-A24-S45.csv
2024,46,,2024-11-11,2024-11-17,8 à 11 kg,0,RECONDUCTION DE LA COTATION.,EUR/kg vif,3.56,0,COT-VRO-caprins-A24-S46.csv
2024,47,,2024-11-18,2024-11-24,8 à 11 kg,0,RECONDUCTION DE LA COTATION.,EUR/kg vif,3.56,0,COT-VRO-caprins-A24-S47.csv
2024,48,,2024-11-25,2024-12-01,8 à 11 kg,3,AUGMENTATION DE LA COTATION.,EUR/kg vif,3.67,0.11,COT-VRO-caprins-A24-S48.csv
2024,49,,2024-12-02,2024-12-08,8 à 11 kg,10.27,QUANTITÉS EN HAUSSE. AUGMENTATION DE LA COTATION POUR LES FÊTES DE NOËL.,EUR/kg vif,4.09,0.42,COT-VRO-caprins-A24-S49.csv
2024,50,,2024-12-09,2024-12-15,8 à 11 kg,10.11,"AUGMENTATION DE LA COTATION, QUANTITÉS EN HAUSSE.",EUR/kg vif,4.55,0.46,COT-VRO-caprins-A24-S50.csv
2024,51,,2024-12-16,2024-12-22,8 à 11 kg,0,RECONDUCTION DE LA COTATION.,EUR/kg vif,4.55,0,COT-VRO-caprins-A24-S51.csv
2024,52,,2024-12-23,2024-12-29,8 à 11 kg,0,RECONDUCTION COTATION. TRÈS FAIBLES QUANTITÉS.,EUR/kg vif,4.55,0,COT-VRO-caprins-A24-S52.csv
2025,1,,2024-12-30,2025-01-05,8 à 11 kg,-22.64,BAISSE DE LA COTATION. QUANTITÉS TRÈS FAIBLES.,EUR/kg vif,3.71,-0.84,COT-VRO-caprins-A25-S01.csv
2025,2,,2025-01-06,2025-01-12,8 à 11 kg,0,RECONDUCTION DE LA COTATION. TRÈS PEU DE VOLUME.,EUR/kg vif,3.71,0,COT-VRO-caprins-A25-S02.csv
2025,3,,2025-01-13,2025-01-19,8 à 11 kg,0,RECONDUCTION DE LA COTATION. VOLUME TRÈS FAIBLE.,EUR/kg vif,3.71,0,COT-VRO-caprins-A25-S03.csv
2025,4,,2025-01-20,2025-01-26,8 à 11 kg,0,"RECONDUCTION DE LA COTATION, VOLUMES FAIBLES.",EUR/kg vif,3.71,0,COT-VRO-caprins-A25-S04.csv
2025,5,,2025-01-27,2025-02-02,8 à 11 kg,0,RECONDUCTION DE LA COTATION.,EUR/kg vif,3.71,0,COT-VRO-caprins-A25-S05.csv
2025,6,,2025-02-03,2025-02-09,8 à 11 kg,-3.06,VOLUME EN AUGMENTATION.,EUR/kg vif,3.6,-0.11,COT-VRO-caprins-A25-S06.csv
2025,7,,2025-02-10,2025-02-16,8 à 11 kg,0,QUANTITÉS UNE NOUVELLE FOIS À LA HAUSSE.,EUR/kg vif,3.6,0,COT-VRO-caprins-A25-S07.csv
2025,8,,2025-02-17,2025-02-23,8 à 11 kg,0,QUANTITÉS UNE NOUVELLE FOIS À LA HAUSSE.;;,EUR/kg vif,3.6,0,COT-VRO-caprins-A25-S08.csv
2025,9,,2025-02-24,2025-03-02,8 à 11 kg,0,"RECONDUCTION DE LA COTATION, QUANTITÉS UNE NOUVELLE FOIS À LA HAUSSE.",EUR/kg vif,3.6,0,COT-VRO-caprins-A25-S09.csv
2025,10,,2025-03-03,2025-03-09,8 à 11 kg,0,"RECONDUCTION DE LA COTATION. VOLUME TRÈS IMPORTANT, QUANTITÉS UNE NOUVELLE FOIS À LA HAUSSE.",EUR/kg vif,3.6,0,COT-VRO-caprins-A25-S10.csv
2025,11,,2025-03-10,2025-03-16,8 à 11 kg,0,QUANTITÉS UNE NOUVELLE FOIS À LA HAUSSE. RECONDUCTION DE LA COTATION. ;,EUR/kg vif,3.6,0,COT-VRO-caprins-A25-S11.csv
2025,12,,2025-03-17,2025-03-23,8 à 11 kg,0,"QUANTITÉS STABLES, RECONDUCTION DE LA COTATION.",EUR/kg vif,3.6,0,COT-VRO-caprins-A25-S12.csv
2025,13,,2025-03-24,2025-03-30,8 à 11 kg,0,QUANTITÉS STABLES.,EUR/kg vif,3.6,0,COT-VRO-caprins-A25-S13.csv
2025,14,,2025-03-31,2025-04-06,8 à 11 kg,4,,EUR/kg vif,3.75,0.15,COT-VRO-caprins-A25-S14.csv
2025,15,,2025-04-07,2025-04-13,8 à 11 kg,1.32,,EUR/kg vif,3.8,0.05,COT-VRO-caprins-A25-S15.csv
2025,16,,2025-04-14,2025-04-20,8 à 11 kg,0,RECONDUCTION DE LA COTATION.,EUR/kg vif,3.8,0,COT-VRO-caprins-A25-S16.csv
2025,17,,2025-04-21,2025-04-27,8 à 11 kg,-10.14,,EUR/kg vif,3.45,-0.35,COT-VRO-caprins-A25-S17.csv
2025,18,,2025-04-28,2025-05-04,8 à 11 kg,0,RECONDUCTION DE LA COTATION.,EUR/kg vif,3.45,0,COT-VRO-caprins-A25-S18.csv
2025,19,,2025-05-05,2025-05-11,8 à 11 kg,0,RECONDUCTION DES COURS. MARCHÉ DE CONGÉLATION.,EUR/kg vif,3.45,0,COT-VRO-caprins-A25-S19.csv
2025,20,,2025-05-12,2025-05-18,8 à 11 kg,0,MARCHÉ DE CONGÉLATION. TRÈS PEU DE DEMANDE EN FRAIS.,EUR/kg vif,3.45,0,COT-VRO-caprins-A25-S20.csv
2025,21,,2025-05-19,2025-05-25,8 à 11 kg,0,RECONDUCTION DE LA COTATION..,EUR/kg vif,3.45,0,COT-VRO-caprins-A25-S21.csv
2025,22,,2025-05-26,2025-06-01,8 à 11 kg,0,RECONDUCTION.,EUR/kg vif,3.45,0,COT-VRO-caprins-A25-S22.csv
2025,37,,2025-09-08,2025-09-14,8 à 11 kg,,VOLUME PEU IMPORTANT.,EUR/kg vif,3.74,,COT-VRO-caprins-A25-S37.csv
2025,38,,2025-09-15,2025-09-21,8 à 11 kg,0,VOLUME PEU IMPORTANT.,EUR/kg vif,3.74,0,COT-VRO-caprins-A25-S38.csv
2025,39,,2025-09-22,2025-09-28,8 à 11 kg,0.27,,EUR/kg vif,3.75,0.01,COT-VRO-caprins-A25-S39.csv
2025,40,,2025-09-29,2025-10-05,8 à 11 kg,0,,EUR/kg vif,3.75,0,COT-VRO-caprins-A25-S40.csv
2025,41,,2025-10-06,2025-10-12,8 à 11 kg,0,,EUR/kg vif,3.75,0,COT-VRO-caprins-A25-S41.csv
2025,42,,2025-10-13,2025-10-19,8 à 11 kg,0,,EUR/kg vif,3.75,0,COT-VRO-caprins-A25-S42.csv
2025,43,,2025-10-20,2025-10-26,8 à 11 kg,0,RECONDUCTION DE LA COTATION.,EUR/kg vif,3.75,0,COT-VRO-caprins-A25-S43.csv
2025,44,,2025-10-27,2025-11-02,8 à 11 kg,0,,EUR/kg vif,3.75,0,COT-VRO-caprins-A25-S44.csv
2025,45,,2025-11-03,2025-11-09,8 à 11 kg,0,,EUR/kg vif,3.75,0,COT-VRO-caprins-A25-S45.csv
2025,46,,2025-11-10,2025-11-16,8 à 11 kg,0,,EUR/kg vif,3.75,0,COT-VRO-caprins-A25-S46.csv
2025,47,,2025-11-17,2025-11-23,8 à 11 kg,0,,EUR/kg vif,3.75,0,COT-VRO-caprins-A25-S47.csv
2025,48,,2025-11-24,2025-11-30,8 à 11 kg,0,,EUR/kg vif,3.75,0,COT-VRO-caprins-A25-S48.csv
2025,50,,2025-12-08,2025-12-14,8 à 11 kg,9.92,AUGMENTATION DE LA COTATION À L'APPROCHE DES FÊTES DE FIN D'ANNÉE.,EUR/kg vif,4.74,0.47,COT-VRO-caprins-A25-S50.csv
2025,51,,2025-12-15,2025-12-21,8 à 11 kg,1.66,,EUR/kg vif,4.82,0.08,COT-VRO-caprins-A25-S51.csv
2025,52,,2025-12-22,2025-12-28,8 à 11 kg,0,"PEU DE VOLUME,",EUR/kg vif,4.82,0,COT-VRO-caprins-A25-S52.csv
2026,1,,2025-12-29,2026-01-04,8 à 11 kg,-22.03,VOLUME PEU IMPORTANT.,EUR/kg vif,3.95,-0.87,COT-VRO-caprins-A26-S01.csv
2026,2,,2026-01-05,2026-01-11,8 à 11 kg,-3.95,,EUR/kg vif,3.8,-0.15,COT-VRO-caprins-A26-S02.csv
2026,3,,2026-01-12,2026-01-18,8 à 11 kg,0,PAS DE VOLUME.,EUR/kg vif,3.8,0,COT-VRO-caprins-A26-S03.csv
2026,4,,2026-01-19,2026-01-25,8 à 11 kg,0,TRÉS PEU DE VOLUME.,EUR/kg vif,3.8,0,COT-VRO-caprins-A26-S04.csv
2026,5,,2026-01-26,2026-02-01,8 à 11 kg,0,,EUR/kg vif,3.8,0,COT-VRO-caprins-A26-S05.csv
2026,6,,2026-02-02,2026-02-08,8 à 11 kg,-2.15,,EUR/kg vif,3.72,-0.08,COT-VRO-caprins-A26-S06.csv
2026,7,,2026-02-09,2026-02-15,8 à 11 kg,-0.27,,EUR/kg vif,3.71,-0.01,COT-VRO-caprins-A26-S07.csv
2026,8,,2026-02-16,2026-02-22,8 à 11 kg,0,,EUR/kg vif,3.71,0,COT-VRO-caprins-A26-S08.csv
2026,9,,2026-02-23,2026-03-01,8 à 11 kg,0,AUGMENTATION DES VOLUMES DANS UN MARCHÉ DE CONGELATION.,EUR/kg vif,3.71,0,COT-VRO-caprins-A26-S09.csv
2026,10,,2026-03-02,2026-03-08,8 à 11 kg,-0.27,VOLUME IMPORTANT DANS UN MARCHÉ DE CONGELATION.,EUR/kg vif,3.7,-0.01,COT-VRO-caprins-A26-S10.csv
2026,11,,2026-03-09,2026-03-15,8 à 11 kg,0,,EUR/kg vif,3.7,0,COT-VRO-caprins-A26-S11.csv
2026,12,,2026-03-16,2026-03-22,8 à 11 kg,4.64,,EUR/kg vif,3.88,0.18,COT-VRO-caprins-A26-S12.csv
2026,13,,2026-03-23,2026-03-29,8 à 11 kg,1.52,,EUR/kg vif,3.94,0.06,COT-VRO-caprins-A26-S13.csv
2026,14,,2026-03-30,2026-04-05,8 à 11 kg,0,,EUR/kg vif,3.94,0,COT-VRO-caprins-A26-S14.csv
2026,15,,2026-04-06,2026-04-12,8 à 11 kg,-7.95,,EUR/kg vif,3.65,-0.29,COT-VRO-caprins-A26-S15.csv
2026,16,,2026-04-13,2026-04-19,8 à 11 kg,-0.55,"VOLUME IMPORTANT, MARCHÉ DE CONGÉLATION.",EUR/kg vif,3.63,-0.02,COT-VRO-caprins-A26-S16.csv
