annee,semaine,mois,date_debut,date_fin,categorie,prix,variation,unite,source
2023,1,,2023-01-02,2023-01-08,P.M.P AGNEAUX,8.43,-0.13,EUR/kg carcasse,COT-VRO-ovins_PMP-A23-S01.csv
2023,1,,2023-01-02,2023-01-08,MOYENNE AGNEAUX METROPOLE RUNGIS,8.43,0.03,EUR/kg carcasse,COT-VRO-ovins_PMP-A23-S01.csv
2023,2,,2023-01-09,2023-01-15,P.M.P AGNEAUX,8.28,-0.15,EUR/kg carcasse,COT-VRO-ovins_PMP-A23-S02.csv
2023,2,,2023-01-09,2023-01-15,MOYENNE AGNEAUX METROPOLE RUNGIS,8.39,-0.04,EUR/kg carcasse,COT-VRO-ovins_PMP-A23-S02.csv
2023,3,,2023-01-16,2023-01-22,P.M.P AGNEAUX,8.22,-0.06,EUR/kg carcasse,COT-VRO-ovins_PMP-A23-S03.csv
2023,3,,2023-01-16,2023-01-22,MOYENNE AGNEAUX METROPOLE RUNGIS,8.33,-0.06,EUR/kg carcasse,COT-VRO-ovins_PMP-A23-S03.csv
2023,4,,2023-01-23,2023-01-29,P.M.P AGNEAUX,8.12,-0.1,EUR/kg carcasse,COT-VRO-ovins_PMP-A23-S04.csv
2023,4,,2023-01-23,2023-01-29,MOYENNE AGNEAUX METROPOLE RUNGIS,8.31,-0.02,EUR/kg carcasse,COT-VRO-ovins_PMP-A23-S04.csv
2023,5,,2023-01-30,2023-02-05,P.M.P AGNEAUX,8.03,-0.09,EUR/kg carcasse,COT-VRO-ovins_PMP-A23-S05.csv
2023,5,,2023-01-30,2023-02-05,MOYENNE AGNEAUX METROPOLE RUNGIS,8.28,-0.03,EUR/kg carcasse,COT-VRO-ovins_PMP-A23-S05.csv
2023,6,,2023-02-06,2023-02-12,P.M.P AGNEAUX,7.97,-0.06,EUR/kg carcasse,COT-VRO-ovins_PMP-A23-S06.csv
2023,6,,2023-02-06,2023-02-12,MOYENNE AGNEAUX METROPOLE RUNGIS,8.28,0,EUR/kg carcasse,COT-VRO-ovins_PMP-A23-S06.csv
2023,7,,2023-02-13,2023-02-19,P.M.P AGNEAUX,7.86,-0.11,EUR/kg carcasse,COT-VRO-ovins_PMP-A23-S07.csv
2023,7,,2023-02-13,2023-02-19,MOYENNE AGNEAUX METROPOLE RUNGIS,8.28,0,EUR/kg carcasse,COT-VRO-ovins_PMP-A23-S07.csv
2023,8,,2023-02-20,2023-02-26,P.M.P AGNEAUX,7.83,-0.03,EUR/kg carcasse,COT-VRO-ovins_PMP-A23-S08.csv
2023,8,,2023-02-20,2023-02-26,MOYENNE AGNEAUX METROPOLE RUNGIS,8.28,0,EUR/kg carcasse,COT-VRO-ovins_PMP-A23-S08.csv
2023,9,,2023-02-27,2023-03-05,P.M.P AGNEAUX,7.84,0.01,EUR/kg carcasse,COT-VRO-ovins_PMP-A23-S09.csv
2023,9,,2023-02-27,2023-03-05,MOYENNE AGNEAUX METROPOLE RUNGIS,8.2,-0.08,EUR/kg carcasse,COT-VRO-ovins_PMP-A23-S09.csv
2023,10,,2023-03-06,2023-03-12,P.M.P AGNEAUX,7.93,0.09,EUR/kg carcasse,COT-VRO-ovins_PMP-A23-S10.csv
2023,10,,2023-03-06,2023-03-12,MOYENNE AGNEAUX METROPOLE RUNGIS,8.18,-0.02,EUR/kg carcasse,COT-VRO-ovins_PMP-A23-S10.csv
2023,11,,2023-03-13,2023-03-19,P.M.P AGNEAUX,8.06,0.13,EUR/kg carcasse,COT-VRO-ovins_PMP-A23-S11.csv
2023,11,,2023-03-13,2023-03-19,MOYENNE AGNEAUX METROPOLE RUNGIS,8.3,0.12,EUR/kg carcasse,COT-VRO-ovins_PMP-A23-S11.csv
2023,12,,2023-03-20,2023-03-26,P.M.P AGNEAUX,8.19,0.13,EUR/kg carcasse,COT-VRO-ovins_PMP-A23-S12.csv
2023,12,,2023-03-20,2023-03-26,MOYENNE AGNEAUX METROPOLE RUNGIS,8.68,0.38,EUR/kg carcasse,COT-VRO-ovins_PMP-A23-S12.csv
2023,13,,2023-03-27,2023-04-02,P.M.P AGNEAUX,8.42,0.23,EUR/kg carcasse,COT-VRO-ovins_PMP-A23-S13.csv
2023,13,,2023-03-27,2023-04-02,MOYENNE AGNEAUX METROPOLE RUNGIS,8.85,0.17,EUR/kg carcasse,COT-VRO-ovins_PMP-A23-S13.csv
2023,14,,2023-04-03,2023-04-09,P.M.P AGNEAUX,8.55,0.13,EUR/kg carcasse,COT-VRO-ovins_PMP-A23-S14.csv
2023,14,,2023-04-03,2023-04-09,MOYENNE AGNEAUX METROPOLE RUNGIS,9.22,0.37,EUR/kg carcasse,COT-VRO-ovins_PMP-A23-S14.csv
2023,15,,2023-04-10,2023-04-16,P.M.P AGNEAUX,8.44,-0.11,EUR/kg carcasse,COT-VRO-ovins_PMP-A23-S15.csv
2023,15,,2023-04-10,2023-04-16,MOYENNE AGNEAUX METROPOLE RUNGIS,9.41,0.19,EUR/kg carcasse,COT-VRO-ovins_PMP-A23-S15.csv
2023,16,,2023-04-17,2023-04-23,P.M.P AGNEAUX,8.44,0,EUR/kg carcasse,COT-VRO-ovins_PMP-A23-S16.csv
2023,16,,2023-04-17,2023-04-23,MOYENNE AGNEAUX METROPOLE RUNGIS,9.35,-0.06,EUR/kg carcasse,COT-VRO-ovins_PMP-A23-S16.csv
2023,17,,2023-04-24,2023-04-30,P.M.P AGNEAUX,8.47,0.03,EUR/kg carcasse,COT-VRO-ovins_PMP-A23-S17.csv
2023,17,,2023-04-24,2023-04-30,MOYENNE AGNEAUX METROPOLE RUNGIS,9.15,-0.2,EUR/kg carcasse,COT-VRO-ovins_PMP-A23-S17.csv
2023,18,,2023-05-01,2023-05-07,P.M.P AGNEAUX,8.36,-0.11,EUR/kg carcasse,COT-VRO-ovins_PMP-A23-S18.csv
2023,18,,2023-05-01,2023-05-07,MOYENNE AGNEAUX METROPOLE RUNGIS,9.11,-0.04,EUR/kg carcasse,COT-VRO-ovins_PMP-A23-S18.csv
2023,19,,2023-05-08,2023-05-14,P.M.P AGNEAUX,8.29,-0.07,EUR/kg carcasse,COT-VRO-ovins_PMP-A23-S19.csv
2023,19,,2023-05-08,2023-05-14,MOYENNE AGNEAUX METROPOLE RUNGIS,9.11,0,EUR/kg carcasse,COT-VRO-ovins_PMP-A23-S19.csv
2023,20,,2023-05-15,2023-05-21,P.M.P AGNEAUX,8.29,0,EUR/kg carcasse,COT-VRO-ovins_PMP-A23-S20.csv
2023,20,,2023-05-15,2023-05-21,MOYENNE AGNEAUX METROPOLE RUNGIS,9.11,0,EUR/kg carcasse,COT-VRO-ovins_PMP-A23-S20.csv
2023,21,,2023-05-22,2023-05-28,P.M.P AGNEAUX,8.24,-0.05,EUR/kg carcasse,COT-VRO-ovins_PMP-A23-S21.csv
2023,21,,2023-05-22,2023-05-28,MOYENNE AGNEAUX METROPOLE RUNGIS,9.11,0,EUR/kg carcasse,COT-VRO-ovins_PMP-A23-S21.csv
2023,22,,2023-05-29,2023-06-04,P.M.P AGNEAUX,8.19,-0.05,EUR/kg carcasse,COT-VRO-ovins_PMP-A23-S22.csv
2023,22,,2023-05-29,2023-06-04,MOYENNE AGNEAUX METROPOLE RUNGIS,9.14,0.03,EUR/kg carcasse,COT-VRO-ovins_PMP-A23-S22.csv
2023,23,,2023-06-05,2023-06-11,P.M.P AGNEAUX,8.18,-0.01,EUR/kg carcasse,COT-VRO-ovins_PMP-A23-S23.csv
2023,23,,2023-06-05,2023-06-11,MOYENNE AGNEAUX METROPOLE RUNGIS,9.19,0.05,EUR/kg carcasse,COT-VRO-ovins_PMP-A23-S23.csv
2023,24,,2023-06-12,2023-06-18,P.M.P AGNEAUX,8.19,0.01,EUR/kg carcasse,COT-VRO-ovins_PMP-A23-S24.csv
2023,24,,2023-06-12,2023-06-18,MOYENNE AGNEAUX METROPOLE RUNGIS,9.19,0,EUR/kg carcasse,COT-VRO-ovins_PMP-A23-S24.csv
2023,25,,2023-06-19,2023-06-25,P.M.P AGNEAUX,8.15,-0.04,EUR/kg carcasse,COT-VRO-ovins_PMP-A23-S25.csv
2023,25,,2023-06-19,2023-06-25,MOYENNE AGNEAUX METROPOLE RUNGIS,9.15,-0.04,EUR/kg carcasse,COT-VRO-ovins_PMP-A23-S25.csv
2023,26,,2023-06-26,2023-07-02,P.M.P AGNEAUX,8.27,0.12,EUR/kg carcasse,COT-VRO-ovins_PMP-A23-S26.csv
2023,26,,2023-06-26,2023-07-02,MOYENNE AGNEAUX METROPOLE RUNGIS,9.15,0,EUR/kg carcasse,COT-VRO-ovins_PMP-A23-S26.csv
2023,27,,2023-07-03,2023-07-09,P.M.P AGNEAUX,8.21,-0.06,EUR/kg carcasse,COT-VRO-ovins_PMP-A23-S27.csv
2023,27,,2023-07-03,2023-07-09,MOYENNE AGNEAUX METROPOLE RUNGIS,9.13,-0.02,EUR/kg carcasse,COT-VRO-ovins_PMP-A23-S27.csv
2023,28,,2023-07-10,2023-07-16,P.M.P AGNEAUX,8.17,-0.04,EUR/kg carcasse,COT-VRO-ovins_PMP-A23-S28.csv
2023,28,,2023-07-10,2023-07-16,MOYENNE AGNEAUX METROPOLE RUNGIS,9.01,-0.12,EUR/kg carcasse,COT-VRO-ovins_PMP-A23-S28.csv
2023,29,,2023-07-17,2023-07-23,P.M.P AGNEAUX,8.18,0.01,EUR/kg carcasse,COT-VRO-ovins_PMP-A23-S29.csv
2023,29,,2023-07-17,2023-07-23,MOYENNE AGNEAUX METROPOLE RUNGIS,8.72,-0.29,EUR/kg carcasse,COT-VRO-ovins_PMP-A23-S29.csv
2023,30,,2023-07-24,2023-07-30,P.M.P AGNEAUX,8.12,-0.06,EUR/kg carcasse,COT-VRO-ovins_PMP-A23-S30.csv
2023,30,,2023-07-24,2023-07-30,MOYENNE AGNEAUX METROPOLE RUNGIS,8.04,-0.68,EUR/kg carcasse,COT-VRO-ovins_PMP-A23-S30.csv
2023,31,,2023-07-31,2023-08-06,P.M.P AGNEAUX,8.06,-0.06,EUR/kg carcasse,COT-VRO-ovins_PMP-A23-S31.csv
2023,31,,2023-07-31,2023-08-06,MOYENNE AGNEAUX METROPOLE RUNGIS,7.96,-0.08,EUR/kg carcasse,COT-VRO-ovins_PMP-A23-S31.csv
2023,32,,2023-08-07,2023-08-13,P.M.P AGNEAUX,8,-0.06,EUR/kg carcasse,COT-VRO-ovins_PMP-A23-S32.csv
2023,32,,2023-08-07,2023-08-13,MOYENNE AGNEAUX METROPOLE RUNGIS,7.96,0,EUR/kg carcasse,COT-VRO-ovins_PMP-A23-S32.csv
2023,33,,2023-08-14,2023-08-20,P.M.P AGNEAUX,8.02,0.02,EUR/kg carcasse,COT-VRO-ovins_PMP-A23-S33.csv
2023,33,,2023-08-14,2023-08-20,MOYENNE AGNEAUX METROPOLE RUNGIS,7.96,0,EUR/kg carcasse,COT-VRO-ovins_PMP-A23-S33.csv
2023,34,,2023-08-21,2023-08-27,P.M.P AGNEAUX,8,-0.02,EUR/kg carcasse,COT-VRO-ovins_PMP-A23-S34.csv
2023,34,,2023-08-21,2023-08-27,MOYENNE AGNEAUX METROPOLE RUNGIS,8.02,0.06,EUR/kg carcasse,COT-VRO-ovins_PMP-A23-S34.csv
2023,35,,2023-08-28,2023-09-03,P.M.P AGNEAUX,7.96,-0.04,EUR/kg carcasse,COT-VRO-ovins_PMP-A23-S35.csv
2023,35,,2023-08-28,2023-09-03,MOYENNE AGNEAUX METROPOLE RUNGIS,8.1,0.08,EUR/kg carcasse,COT-VRO-ovins_PMP-A23-S35.csv
2023,36,,2023-09-04,2023-09-10,P.M.P AGNEAUX,8,0.04,EUR/kg carcasse,COT-VRO-ovins_PMP-A23-S36.csv
2023,36,,2023-09-04,2023-09-10,MOYENNE AGNEAUX METROPOLE RUNGIS,8.1,0,EUR/kg carcasse,COT-VRO-ovins_PMP-A23-S36.csv
2023,37,,2023-09-11,2023-09-17,P.M.P AGNEAUX,7.98,-0.02,EUR/kg carcasse,COT-VRO-ovins_PMP-A23-S37.csv
2023,37,,2023-09-11,2023-09-17,MOYENNE AGNEAUX METROPOLE RUNGIS,8.16,0.06,EUR/kg carcasse,COT-VRO-ovins_PMP-A23-S37.csv
2023,38,,2023-09-18,2023-09-24,P.M.P AGNEAUX,8.04,0.06,EUR/kg carcasse,COT-VRO-ovins_PMP-A23-S38.csv
2023,38,,2023-09-18,2023-09-24,MOYENNE AGNEAUX METROPOLE RUNGIS,8.2,0.04,EUR/kg carcasse,COT-VRO-ovins_PMP-A23-S38.csv
2023,39,,2023-09-25,2023-10-01,P.M.P AGNEAUX,8.04,0,EUR/kg carcasse,COT-VRO-ovins_PMP-A23-S39.csv
2023,39,,2023-09-25,2023-10-01,MOYENNE AGNEAUX METROPOLE RUNGIS,8.2,0,EUR/kg carcasse,COT-VRO-ovins_PMP-A23-S39.csv
2023,40,,2023-10-02,2023-10-08,P.M.P AGNEAUX,8.09,0.05,EUR/kg carcasse,COT-VRO-ovins_PMP-A23-S40.csv
2023,40,,2023-10-02,2023-10-08,MOYENNE AGNEAUX METROPOLE RUNGIS,8.24,0.04,EUR/kg carcasse,COT-VRO-ovins_PMP-A23-S40.csv
2023,41,,2023-10-09,2023-10-15,P.M.P AGNEAUX,8.2,0.11,EUR/kg carcasse,COT-VRO-ovins_PMP-A23-S41.csv
2023,41,,2023-10-09,2023-10-15,MOYENNE AGNEAUX METROPOLE RUNGIS,8.34,0.1,EUR/kg carcasse,COT-VRO-ovins_PMP-A23-S41.csv
2023,42,,2023-10-16,2023-10-22,P.M.P AGNEAUX,8.34,0.14,EUR/kg carcasse,COT-VRO-ovins_PMP-A23-S42.csv
2023,42,,2023-10-16,2023-10-22,MOYENNE AGNEAUX METROPOLE RUNGIS,8.41,0.07,EUR/kg carcasse,COT-VRO-ovins_PMP-A23-S42.csv
2023,43,,2023-10-23,2023-10-29,P.M.P AGNEAUX,8.35,0.01,EUR/kg carcasse,COT-VRO-ovins_PMP-A23-S43.csv
2023,43,,2023-10-23,2023-10-29,MOYENNE AGNEAUX METROPOLE RUNGIS,8.45,0.04,EUR/kg carcasse,COT-VRO-ovins_PMP-A23-S43.csv
2023,44,,2023-10-30,2023-11-05,P.M.P AGNEAUX,8.44,0.09,EUR/kg carcasse,COT-VRO-ovins_PMP-A23-S44.csv
2023,44,,2023-10-30,2023-11-05,MOYENNE AGNEAUX METROPOLE RUNGIS,8.48,0.03,EUR/kg carcasse,COT-VRO-ovins_PMP-A23-S44.csv
2023,45,,2023-11-06,2023-11-12,P.M.P AGNEAUX,8.53,0.09,EUR/kg carcasse,COT-VRO-ovins_PMP-A23-S45.csv
2023,45,,2023-11-06,2023-11-12,MOYENNE AGNEAUX METROPOLE RUNGIS,8.61,0.13,EUR/kg carcasse,COT-VRO-ovins_PMP-A23-S45.csv
2023,46,,2023-11-13,2023-11-19,P.M.P AGNEAUX,8.57,0.04,EUR/kg carcasse,COT-VRO-ovins_PMP-A23-S46.csv
2023,46,,2023-11-13,2023-11-19,MOYENNE AGNEAUX METROPOLE RUNGIS,8.75,0.14,EUR/kg carcasse,COT-VRO-ovins_PMP-A23-S46.csv
2023,47,,2023-11-20,2023-11-26,P.M.P AGNEAUX,8.59,0.02,EUR/kg carcasse,COT-VRO-ovins_PMP-A23-S47.csv
2023,47,,2023-11-20,2023-11-26,MOYENNE AGNEAUX METROPOLE RUNGIS,8.81,0.06,EUR/kg carcasse,COT-VRO-ovins_PMP-A23-S47.csv
2023,48,,2023-11-27,2023-12-03,P.M.P AGNEAUX,8.72,0.13,EUR/kg carcasse,COT-VRO-ovins_PMP-A23-S48.csv
2023,48,,2023-11-27,2023-12-03,MOYENNE AGNEAUX METROPOLE RUNGIS,8.85,0.04,EUR/kg carcasse,COT-VRO-ovins_PMP-A23-S48.csv
2023,49,,2023-12-04,2023-12-10,P.M.P AGNEAUX,8.73,0.01,EUR/kg carcasse,COT-VRO-ovins_PMP-A23-S49.csv
2023,49,,2023-12-04,2023-12-10,MOYENNE AGNEAUX METROPOLE RUNGIS,9,0.15,EUR/kg carcasse,COT-VRO-ovins_PMP-A23-S49.csv
2023,50,,2023-12-11,2023-12-17,P.M.P AGNEAUX,8.86,0.13,EUR/kg carcasse,COT-VRO-ovins_PMP-A23-S50.csv
2023,50,,2023-12-11,2023-12-17,MOYENNE AGNEAUX METROPOLE RUNGIS,9.08,0.08,EUR/kg carcasse,COT-VRO-ovins_PMP-A23-S50.csv
2023,51,,2023-12-18,2023-12-24,P.M.P AGNEAUX,8.91,0.05,EUR/kg carcasse,COT-VRO-ovins_PMP-A23-S51.csv
2023,51,,2023-12-18,2023-12-24,MOYENNE AGNEAUX METROPOLE RUNGIS,9.22,0.14,EUR/kg carcasse,COT-VRO-ovins_PMP-A23-S51.csv
2023,52,,2023-12-25,2023-12-31,P.M.P AGNEAUX,8.93,0.02,EUR/kg carcasse,COT-VRO-ovins_PMP-A23-S52.csv
2023,52,,2023-12-25,2023-12-31,MOYENNE AGNEAUX METROPOLE RUNGIS,9.3,0.08,EUR/kg carcasse,COT-VRO-ovins_PMP-A23-S52.csv
2024,1,,2024-01-01,2024-01-07,P.M.P AGNEAUX,8.84,-0.09,EUR/kg carcasse,COT-VRO-ovins_PMP-A24-S01.csv
2024,1,,2024-01-01,2024-01-07,MOYENNE AGNEAUX METROPOLE RUNGIS,9.32,0.02,EUR/kg carcasse,COT-VRO-ovins_PMP-A24-S01.csv
2024,2,,2024-01-08,2024-01-14,P.M.P AGNEAUX,8.86,0.02,EUR/kg carcasse,COT-VRO-ovins_PMP-A24-S02.csv
2024,2,,2024-01-08,2024-01-14,MOYENNE AGNEAUX METROPOLE RUNGIS,9.38,0.06,EUR/kg carcasse,COT-VRO-ovins_PMP-A24-S02.csv
2024,3,,2024-01-15,2024-01-21,P.M.P AGNEAUX,8.81,-0.05,EUR/kg carcasse,COT-VRO-ovins_PMP-A24-S03.csv
2024,3,,2024-01-15,2024-01-21,MOYENNE AGNEAUX METROPOLE RUNGIS,9.28,-0.1,EUR/kg carcasse,COT-VRO-ovins_PMP-A24-S03.csv
2024,4,,2024-01-22,2024-01-28,P.M.P AGNEAUX,8.72,-0.09,EUR/kg carcasse,COT-VRO-ovins_PMP-A24-S04.csv
2024,4,,2024-01-22,2024-01-28,MOYENNE AGNEAUX METROPOLE RUNGIS,9.3,0.02,EUR/kg carcasse,COT-VRO-ovins_PMP-A24-S04.csv
2024,5,,2024-01-29,2024-02-04,P.M.P AGNEAUX,8.59,-0.13,EUR/kg carcasse,COT-VRO-ovins_PMP-A24-S05.csv
2024,5,,2024-01-29,2024-02-04,MOYENNE AGNEAUX METROPOLE RUNGIS,9.42,0.12,EUR/kg carcasse,COT-VRO-ovins_PMP-A24-S05.csv
2024,6,,2024-02-05,2024-02-11,P.M.P AGNEAUX,8.5,-0.09,EUR/kg carcasse,COT-VRO-ovins_PMP-A24-S06.csv
2024,6,,2024-02-05,2024-02-11,MOYENNE AGNEAUX METROPOLE RUNGIS,9.52,0.1,EUR/kg carcasse,COT-VRO-ovins_PMP-A24-S06.csv
2024,7,,2024-02-12,2024-02-18,P.M.P AGNEAUX,8.48,-0.02,EUR/kg carcasse,COT-VRO-ovins_PMP-A24-S07.csv
2024,7,,2024-02-12,2024-02-18,MOYENNE AGNEAUX METROPOLE RUNGIS,9.64,0.12,EUR/kg carcasse,COT-VRO-ovins_PMP-A24-S07.csv
2024,8,,2024-02-19,2024-02-25,P.M.P AGNEAUX,8.53,0.05,EUR/kg carcasse,COT-VRO-ovins_PMP-A24-S08.csv
2024,8,,2024-02-19,2024-02-25,MOYENNE AGNEAUX METROPOLE RUNGIS,9.68,0.04,EUR/kg carcasse,COT-VRO-ovins_PMP-A24-S08.csv
2024,9,,2024-02-26,2024-03-03,P.M.P AGNEAUX,8.67,0.14,EUR/kg carcasse,COT-VRO-ovins_PMP-A24-S09.csv
2024,9,,2024-02-26,2024-03-03,MOYENNE AGNEAUX METROPOLE RUNGIS,9.68,0,EUR/kg carcasse,COT-VRO-ovins_PMP-A24-S09.csv
2024,10,,2024-03-04,2024-03-10,P.M.P AGNEAUX,8.83,0.16,EUR/kg carcasse,COT-VRO-ovins_PMP-A24-S10.csv
2024,10,,2024-03-04,2024-03-10,MOYENNE AGNEAUX METROPOLE RUNGIS,9.97,0.29,EUR/kg carcasse,COT-VRO-ovins_PMP-A24-S10.csv
2024,11,,2024-03-11,2024-03-17,P.M.P AGNEAUX,9.07,0.24,EUR/kg carcasse,COT-VRO-ovins_PMP-A24-S11.csv
2024,11,,2024-03-11,2024-03-17,MOYENNE AGNEAUX METROPOLE RUNGIS,10.2,0.23,EUR/kg carcasse,COT-VRO-ovins_PMP-A24-S11.csv
2024,12,,2024-03-18,2024-03-24,P.M.P AGNEAUX,9.44,0.37,EUR/kg carcasse,COT-VRO-ovins_PMP-A24-S12.csv
2024,12,,2024-03-18,2024-03-24,MOYENNE AGNEAUX METROPOLE RUNGIS,10.75,0.55,EUR/kg carcasse,COT-VRO-ovins_PMP-A24-S12.csv
2024,13,,2024-03-25,2024-03-31,P.M.P AGNEAUX,9.54,0.1,EUR/kg carcasse,COT-VRO-ovins_PMP-A24-S13.csv
2024,13,,2024-03-25,2024-03-31,MOYENNE AGNEAUX METROPOLE RUNGIS,11.83,1.08,EUR/kg carcasse,COT-VRO-ovins_PMP-A24-S13.csv
2024,14,,2024-04-01,2024-04-07,P.M.P AGNEAUX,9.5,-0.04,EUR/kg carcasse,COT-VRO-ovins_PMP-A24-S14.csv
2024,14,,2024-04-01,2024-04-07,MOYENNE AGNEAUX METROPOLE RUNGIS,12.02,0.19,EUR/kg carcasse,COT-VRO-ovins_PMP-A24-S14.csv
2024,15,,2024-04-08,2024-04-14,P.M.P AGNEAUX,9.56,0.06,EUR/kg carcasse,COT-VRO-ovins_PMP-A24-S15.csv
2024,15,,2024-04-08,2024-04-14,MOYENNE AGNEAUX METROPOLE RUNGIS,12.01,-0.01,EUR/kg carcasse,COT-VRO-ovins_PMP-A24-S15.csv
2024,16,,2024-04-15,2024-04-21,P.M.P AGNEAUX,9.59,0.03,EUR/kg carcasse,COT-VRO-ovins_PMP-A24-S16.csv
2024,16,,2024-04-15,2024-04-21,MOYENNE AGNEAUX METROPOLE RUNGIS,12.02,0.01,EUR/kg carcasse,COT-VRO-ovins_PMP-A24-S16.csv
2024,17,,2024-04-22,2024-04-28,P.M.P AGNEAUX,9.62,0.03,EUR/kg carcasse,COT-VRO-ovins_PMP-A24-S17.csv
2024,17,,2024-04-22,2024-04-28,MOYENNE AGNEAUX METROPOLE RUNGIS,11.86,-0.16,EUR/kg carcasse,COT-VRO-ovins_PMP-A24-S17.csv
2024,18,,2024-04-29,2024-05-05,P.M.P AGNEAUX,9.69,0.07,EUR/kg carcasse,COT-VRO-ovins_PMP-A24-S18.csv
2024,18,,2024-04-29,2024-05-05,MOYENNE AGNEAUX METROPOLE RUNGIS,11.72,-0.14,EUR/kg carcasse,COT-VRO-ovins_PMP-A24-S18.csv
2024,19,,2024-05-06,2024-05-12,P.M.P AGNEAUX,9.62,-0.07,EUR/kg carcasse,COT-VRO-ovins_PMP-A24-S19.csv
2024,19,,2024-05-06,2024-05-12,MOYENNE AGNEAUX METROPOLE RUNGIS,11.72,0,EUR/kg carcasse,COT-VRO-ovins_PMP-A24-S19.csv
2024,20,,2024-05-13,2024-05-19,P.M.P AGNEAUX,9.63,0.01,EUR/kg carcasse,COT-VRO-ovins_PMP-A24-S20.csv
2024,20,,2024-05-13,2024-05-19,MOYENNE AGNEAUX METROPOLE RUNGIS,11.63,-0.09,EUR/kg carcasse,COT-VRO-ovins_PMP-A24-S20.csv
2024,21,,2024-05-20,2024-05-26,P.M.P AGNEAUX,9.54,-0.09,EUR/kg carcasse,COT-VRO-ovins_PMP-A24-S21.csv
2024,21,,2024-05-20,2024-05-26,MOYENNE AGNEAUX METROPOLE RUNGIS,11.55,-0.08,EUR/kg carcasse,COT-VRO-ovins_PMP-A24-S21.csv
2024,22,,2024-05-27,2024-06-02,P.M.P AGNEAUX,9.5,-0.04,EUR/kg carcasse,COT-VRO-ovins_PMP-A24-S22.csv
2024,22,,2024-05-27,2024-06-02,MOYENNE AGNEAUX METROPOLE RUNGIS,11.4,-0.15,EUR/kg carcasse,COT-VRO-ovins_PMP-A24-S22.csv
2024,23,,2024-06-03,2024-06-09,P.M.P AGNEAUX,9.48,-0.02,EUR/kg carcasse,COT-VRO-ovins_PMP-A24-S23.csv
2024,23,,2024-06-03,2024-06-09,MOYENNE AGNEAUX METROPOLE RUNGIS,11.25,-0.15,EUR/kg carcasse,COT-VRO-ovins_PMP-A24-S23.csv
2024,24,,2024-06-10,2024-06-16,P.M.P AGNEAUX,9.51,0.03,EUR/kg carcasse,COT-VRO-ovins_PMP-A24-S24.csv
2024,24,,2024-06-10,2024-06-16,MOYENNE AGNEAUX METROPOLE RUNGIS,11.3,0.05,EUR/kg carcasse,COT-VRO-ovins_PMP-A24-S24.csv
2024,25,,2024-06-17,2024-06-23,P.M.P AGNEAUX,9.38,-0.13,EUR/kg carcasse,COT-VRO-ovins_PMP-A24-S25.csv
2024,25,,2024-06-17,2024-06-23,MOYENNE AGNEAUX METROPOLE RUNGIS,11.28,-0.02,EUR/kg carcasse,COT-VRO-ovins_PMP-A24-S25.csv
2024,26,,2024-06-24,2024-06-30,P.M.P AGNEAUX,9.34,-0.04,EUR/kg carcasse,COT-VRO-ovins_PMP-A24-S26.csv
2024,26,,2024-06-24,2024-06-30,MOYENNE AGNEAUX METROPOLE RUNGIS,10.91,-0.37,EUR/kg carcasse,COT-VRO-ovins_PMP-A24-S26.csv
2024,27,,2024-07-01,2024-07-07,P.M.P AGNEAUX,9.26,-0.08,EUR/kg carcasse,COT-VRO-ovins_PMP-A24-S27.csv
2024,27,,2024-07-01,2024-07-07,MOYENNE AGNEAUX METROPOLE RUNGIS,10.9,-0.01,EUR/kg carcasse,COT-VRO-ovins_PMP-A24-S27.csv
2024,28,,2024-07-08,2024-07-14,P.M.P AGNEAUX,9.28,0.02,EUR/kg carcasse,COT-VRO-ovins_PMP-A24-S28.csv
2024,28,,2024-07-08,2024-07-14,MOYENNE AGNEAUX METROPOLE RUNGIS,10.83,-0.07,EUR/kg carcasse,COT-VRO-ovins_PMP-A24-S28.csv
2024,29,,2024-07-15,2024-07-21,P.M.P AGNEAUX,9.2,-0.08,EUR/kg carcasse,COT-VRO-ovins_PMP-A24-S29.csv
2024,29,,2024-07-15,2024-07-21,MOYENNE AGNEAUX METROPOLE RUNGIS,10.83,0,EUR/kg carcasse,COT-VRO-ovins_PMP-A24-S29.csv
2024,30,,2024-07-22,2024-07-28,P.M.P AGNEAUX,9.2,0,EUR/kg carcasse,COT-VRO-ovins_PMP-A24-S30.csv
2024,30,,2024-07-22,2024-07-28,MOYENNE AGNEAUX METROPOLE RUNGIS,10.8,-0.03,EUR/kg carcasse,COT-VRO-ovins_PMP-A24-S30.csv
2024,31,,2024-07-29,2024-08-04,P.M.P AGNEAUX,9.13,-0.07,EUR/kg carcasse,COT-VRO-ovins_PMP-A24-S31.csv
2024,31,,2024-07-29,2024-08-04,MOYENNE AGNEAUX METROPOLE RUNGIS,10.65,-0.15,EUR/kg carcasse,COT-VRO-ovins_PMP-A24-S31.csv
2024,32,,2024-08-05,2024-08-11,P.M.P AGNEAUX,9.12,-0.01,EUR/kg carcasse,COT-VRO-ovins_PMP-A24-S32.csv
2024,32,,2024-08-05,2024-08-11,MOYENNE AGNEAUX METROPOLE RUNGIS,10.65,0,EUR/kg carcasse,COT-VRO-ovins_PMP-A24-S32.csv
2024,33,,2024-08-12,2024-08-18,P.M.P AGNEAUX,9.14,0.02,EUR/kg carcasse,COT-VRO-ovins_PMP-A24-S33.csv
2024,33,,2024-08-12,2024-08-18,MOYENNE AGNEAUX METROPOLE RUNGIS,10.22,-0.43,EUR/kg carcasse,COT-VRO-ovins_PMP-A24-S33.csv
2024,34,,2024-08-19,2024-08-25,P.M.P AGNEAUX,9.14,0,EUR/kg carcasse,COT-VRO-ovins_PMP-A24-S34.csv
2024,34,,2024-08-19,2024-08-25,MOYENNE AGNEAUX METROPOLE RUNGIS,9.9,-0.32,EUR/kg carcasse,COT-VRO-ovins_PMP-A24-S34.csv
2024,35,,2024-08-26,2024-09-01,P.M.P AGNEAUX,9.16,0.02,EUR/kg carcasse,COT-VRO-ovins_PMP-A24-S35.csv
2024,35,,2024-08-26,2024-09-01,MOYENNE AGNEAUX METROPOLE RUNGIS,9.9,0,EUR/kg carcasse,COT-VRO-ovins_PMP-A24-S35.csv
2024,36,,2024-09-02,2024-09-08,P.M.P AGNEAUX,9.26,0.1,EUR/kg carcasse,COT-VRO-ovins_PMP-A24-S36.csv
2024,36,,2024-09-02,2024-09-08,MOYENNE AGNEAUX METROPOLE RUNGIS,10.04,0.14,EUR/kg carcasse,COT-VRO-ovins_PMP-A24-S36.csv
2024,37,,2024-09-09,2024-09-15,P.M.P AGNEAUX,9.36,0.1,EUR/kg carcasse,COT-VRO-ovins_PMP-A24-S37.csv
2024,37,,2024-09-09,2024-09-15,MOYENNE AGNEAUX METROPOLE RUNGIS,10.15,0.11,EUR/kg carcasse,COT-VRO-ovins_PMP-A24-S37.csv
2024,38,,2024-09-16,2024-09-22,P.M.P AGNEAUX,9.47,0.11,EUR/kg carcasse,COT-VRO-ovins_PMP-A24-S38.csv
2024,38,,2024-09-16,2024-09-22,MOYENNE AGNEAUX METROPOLE RUNGIS,10.15,0,EUR/kg carcasse,COT-VRO-ovins_PMP-A24-S38.csv
2024,39,,2024-09-23,2024-09-29,P.M.P AGNEAUX,9.58,0.11,EUR/kg carcasse,COT-VRO-ovins_PMP-A24-S39.csv
2024,39,,2024-09-23,2024-09-29,MOYENNE AGNEAUX METROPOLE RUNGIS,10.11,-0.04,EUR/kg carcasse,COT-VRO-ovins_PMP-A24-S39.csv
2024,40,,2024-09-30,2024-10-06,P.M.P AGNEAUX,9.56,-0.02,EUR/kg carcasse,COT-VRO-ovins_PMP-A24-S40.csv
2024,40,,2024-09-30,2024-10-06,MOYENNE AGNEAUX METROPOLE RUNGIS,10.02,-0.09,EUR/kg carcasse,COT-VRO-ovins_PMP-A24-S40.csv
2024,41,,2024-10-07,2024-10-13,P.M.P AGNEAUX,9.63,0.07,EUR/kg carcasse,COT-VRO-ovins_PMP-A24-S41.csv
2024,41,,2024-10-07,2024-10-13,MOYENNE AGNEAUX METROPOLE RUNGIS,10.02,0,EUR/kg carcasse,COT-VRO-ovins_PMP-A24-S41.csv
2024,42,,2024-10-14,2024-10-20,P.M.P AGNEAUX,9.67,0.04,EUR/kg carcasse,COT-VRO-ovins_PMP-A24-S42.csv
2024,42,,2024-10-14,2024-10-20,MOYENNE AGNEAUX METROPOLE RUNGIS,10.04,0.02,EUR/kg carcasse,COT-VRO-ovins_PMP-A24-S42.csv
2024,43,,2024-10-21,2024-10-27,P.M.P AGNEAUX,9.67,0,EUR/kg carcasse,COT-VRO-ovins_PMP-A24-S43.csv
2024,43,,2024-10-21,2024-10-27,MOYENNE AGNEAUX METROPOLE RUNGIS,10.05,0.01,EUR/kg carcasse,COT-VRO-ovins_PMP-A24-S43.csv
2024,44,,2024-10-28,2024-11-03,P.M.P AGNEAUX,9.79,0.12,EUR/kg carcasse,COT-VRO-ovins_PMP-A24-S44.csv
2024,44,,2024-10-28,2024-11-03,MOYENNE AGNEAUX METROPOLE RUNGIS,10.07,0.02,EUR/kg carcasse,COT-VRO-ovins_PMP-A24-S44.csv
2024,45,,2024-11-04,2024-11-10,P.M.P AGNEAUX,9.93,0.14,EUR/kg carcasse,COT-VRO-ovins_PMP-A24-S45.csv
2024,45,,2024-11-04,2024-11-10,MOYENNE AGNEAUX METROPOLE RUNGIS,10.1,0.03,EUR/kg carcasse,COT-VRO-ovins_PMP-A24-S45.csv
2024,46,,2024-11-11,2024-11-17,P.M.P AGNEAUX,10.16,0.23,EUR/kg carcasse,COT-VRO-ovins_PMP-A24-S46.csv
2024,46,,2024-11-11,2024-11-17,MOYENNE AGNEAUX METROPOLE RUNGIS,10.39,0.29,EUR/kg carcasse,COT-VRO-ovins_PMP-A24-S46.csv
2024,47,,2024-11-18,2024-11-24,P.M.P AGNEAUX,10.23,0.07,EUR/kg carcasse,COT-VRO-ovins_PMP-A24-S47.csv
2024,47,,2024-11-18,2024-11-24,MOYENNE AGNEAUX METROPOLE RUNGIS,10.46,0.07,EUR/kg carcasse,COT-VRO-ovins_PMP-A24-S47.csv
2024,48,,2024-11-25,2024-12-01,P.M.P AGNEAUX,10.33,0.1,EUR/kg carcasse,COT-VRO-ovins_PMP-A24-S48.csv
2024,48,,2024-11-25,2024-12-01,MOYENNE AGNEAUX METROPOLE RUNGIS,10.48,0.02,EUR/kg carcasse,COT-VRO-ovins_PMP-A24-S48.csv
2024,49,,2024-12-02,2024-12-08,P.M.P AGNEAUX,10.46,0.13,EUR/kg carcasse,COT-VRO-ovins_PMP-A24-S49.csv
2024,49,,2024-12-02,2024-12-08,MOYENNE AGNEAUX METROPOLE RUNGIS,10.73,0.25,EUR/kg carcasse,COT-VRO-ovins_PMP-A24-S49.csv
2024,50,,2024-12-09,2024-12-15,P.M.P AGNEAUX,10.49,0.03,EUR/kg carcasse,COT-VRO-ovins_PMP-A24-S50.csv
2024,50,,2024-12-09,2024-12-15,MOYENNE AGNEAUX METROPOLE RUNGIS,10.91,0.18,EUR/kg carcasse,COT-VRO-ovins_PMP-A24-S50.csv
2024,51,,2024-12-16,2024-12-22,P.M.P AGNEAUX,10.53,0.04,EUR/kg carcasse,COT-VRO-ovins_PMP-A24-S51.csv
2024,51,,2024-12-16,2024-12-22,MOYENNE AGNEAUX METROPOLE RUNGIS,10.56,-0.35,EUR/kg carcasse,COT-VRO-ovins_PMP-A24-S51.csv
2024,52,,2024-12-23,2024-12-29,P.M.P AGNEAUX,10.53,0,EUR/kg carcasse,COT-VRO-ovins_PMP-A24-S52.csv
2024,52,,2024-12-23,2024-12-29,MOYENNE AGNEAUX METROPOLE RUNGIS,11.63,0.2,EUR/kg carcasse,COT-VRO-ovins_PMP-A24-S52.csv
2025,1,,2024-12-30,2025-01-05,P.M.P AGNEAUX,10.64,0.11,EUR/kg carcasse,COT-VRO-ovins_PMP-A25-S01.csv
2025,1,,2024-12-30,2025-01-05,MOYENNE AGNEAUX METROPOLE RUNGIS,11.63,0,EUR/kg carcasse,COT-VRO-ovins_PMP-A25-S01.csv
2025,2,,2025-01-06,2025-01-12,P.M.P AGNEAUX,10.47,-0.17,EUR/kg carcasse,COT-VRO-ovins_PMP-A25-S02.csv
2025,2,,2025-01-06,2025-01-12,MOYENNE AGNEAUX METROPOLE RUNGIS,11.34,-0.29,EUR/kg carcasse,COT-VRO-ovins_PMP-A25-S02.csv
2025,3,,2025-01-13,2025-01-19,P.M.P AGNEAUX,10.43,-0.04,EUR/kg carcasse,COT-VRO-ovins_PMP-A25-S03.csv
2025,3,,2025-01-13,2025-01-19,MOYENNE AGNEAUX METROPOLE RUNGIS,11.14,-0.2,EUR/kg carcasse,COT-VRO-ovins_PMP-A25-S03.csv
2025,4,,2025-01-20,2025-01-26,P.M.P AGNEAUX,10.31,-0.12,EUR/kg carcasse,COT-VRO-ovins_PMP-A25-S04.csv
2025,4,,2025-01-20,2025-01-26,MOYENNE AGNEAUX METROPOLE RUNGIS,11.36,0.22,EUR/kg carcasse,COT-VRO-ovins_PMP-A25-S04.csv
2025,5,,2025-01-27,2025-02-02,P.M.P AGNEAUX,10.11,-0.2,EUR/kg carcasse,COT-VRO-ovins_PMP-A25-S05.csv
2025,5,,2025-01-27,2025-02-02,MOYENNE AGNEAUX METROPOLE RUNGIS,11.28,-0.08,EUR/kg carcasse,COT-VRO-ovins_PMP-A25-S05.csv
2025,6,,2025-02-03,2025-02-09,P.M.P AGNEAUX,9.87,-0.24,EUR/kg carcasse,COT-VRO-ovins_PMP-A25-S06.csv
2025,6,,2025-02-03,2025-02-09,MOYENNE AGNEAUX METROPOLE RUNGIS,11.26,-0.02,EUR/kg carcasse,COT-VRO-ovins_PMP-A25-S06.csv
2025,7,,2025-02-10,2025-02-16,P.M.P AGNEAUX,9.83,-0.04,EUR/kg carcasse,COT-VRO-ovins_PMP-A25-S07.csv
2025,7,,2025-02-10,2025-02-16,MOYENNE AGNEAUX METROPOLE RUNGIS,11.26,0,EUR/kg carcasse,COT-VRO-ovins_PMP-A25-S07.csv
2025,8,,2025-02-17,2025-02-23,P.M.P AGNEAUX,9.78,-0.05,EUR/kg carcasse,COT-VRO-ovins_PMP-A25-S08.csv
2025,8,,2025-02-17,2025-02-23,MOYENNE AGNEAUX METROPOLE RUNGIS,11.26,0,EUR/kg carcasse,COT-VRO-ovins_PMP-A25-S08.csv
2025,9,,2025-02-24,2025-03-02,P.M.P AGNEAUX,9.85,0.07,EUR/kg carcasse,COT-VRO-ovins_PMP-A25-S09.csv
2025,9,,2025-02-24,2025-03-02,MOYENNE AGNEAUX METROPOLE RUNGIS,11.26,0,EUR/kg carcasse,COT-VRO-ovins_PMP-A25-S09.csv
2025,10,,2025-03-03,2025-03-09,P.M.P AGNEAUX,9.86,0.01,EUR/kg carcasse,COT-VRO-ovins_PMP-A25-S10.csv
2025,10,,2025-03-03,2025-03-09,MOYENNE AGNEAUX METROPOLE RUNGIS,11.26,0,EUR/kg carcasse,COT-VRO-ovins_PMP-A25-S10.csv
2025,11,,2025-03-10,2025-03-16,P.M.P AGNEAUX,10.08,0.22,EUR/kg carcasse,COT-VRO-ovins_PMP-A25-S11.csv
2025,11,,2025-03-10,2025-03-16,MOYENNE AGNEAUX METROPOLE RUNGIS,11.33,0.07,EUR/kg carcasse,COT-VRO-ovins_PMP-A25-S11.csv
2025,12,,2025-03-17,2025-03-23,P.M.P AGNEAUX,10.25,0.17,EUR/kg carcasse,COT-VRO-ovins_PMP-A25-S12.csv
2025,12,,2025-03-17,2025-03-23,MOYENNE AGNEAUX METROPOLE RUNGIS,11.27,-0.06,EUR/kg carcasse,COT-VRO-ovins_PMP-A25-S12.csv
2025,13,,2025-03-24,2025-03-30,P.M.P AGNEAUX,10.32,0.07,EUR/kg carcasse,COT-VRO-ovins_PMP-A25-S13.csv
2025,13,,2025-03-24,2025-03-30,MOYENNE AGNEAUX METROPOLE RUNGIS,11.27,0,EUR/kg carcasse,COT-VRO-ovins_PMP-A25-S13.csv
2025,14,,2025-03-31,2025-04-06,P.M.P AGNEAUX,10.56,0.24,EUR/kg carcasse,COT-VRO-ovins_PMP-A25-S14.csv
2025,14,,2025-03-31,2025-04-06,MOYENNE AGNEAUX METROPOLE RUNGIS,11.27,0,EUR/kg carcasse,COT-VRO-ovins_PMP-A25-S14.csv
2025,15,,2025-04-07,2025-04-13,P.M.P AGNEAUX,10.92,0.36,EUR/kg carcasse,COT-VRO-ovins_PMP-A25-S15.csv
2025,15,,2025-04-07,2025-04-13,MOYENNE AGNEAUX METROPOLE RUNGIS,11.35,0.08,EUR/kg carcasse,COT-VRO-ovins_PMP-A25-S15.csv
2025,16,,2025-04-14,2025-04-20,P.M.P AGNEAUX,11.04,0.12,EUR/kg carcasse,COT-VRO-ovins_PMP-A25-S16.csv
2025,16,,2025-04-14,2025-04-20,MOYENNE AGNEAUX METROPOLE RUNGIS,11.57,0.22,EUR/kg carcasse,COT-VRO-ovins_PMP-A25-S16.csv
2025,17,,2025-04-21,2025-04-27,P.M.P AGNEAUX,10.93,-0.11,EUR/kg carcasse,COT-VRO-ovins_PMP-A25-S17.csv
2025,17,,2025-04-21,2025-04-27,MOYENNE AGNEAUX METROPOLE RUNGIS,11.6,0.03,EUR/kg carcasse,COT-VRO-ovins_PMP-A25-S17.csv
2025,18,,2025-04-28,2025-05-04,P.M.P AGNEAUX,10.79,-0.14,EUR/kg carcasse,COT-VRO-ovins_PMP-A25-S18.csv
2025,18,,2025-04-28,2025-05-04,MOYENNE AGNEAUX METROPOLE RUNGIS,11.46,-0.14,EUR/kg carcasse,COT-VRO-ovins_PMP-A25-S18.csv
2025,19,,2025-05-05,2025-05-11,P.M.P AGNEAUX,10.6,-0.19,EUR/kg carcasse,COT-VRO-ovins_PMP-A25-S19.csv
2025,19,,2025-05-05,2025-05-11,MOYENNE AGNEAUX METROPOLE RUNGIS,11.36,-0.1,EUR/kg carcasse,COT-VRO-ovins_PMP-A25-S19.csv
2025,20,,2025-05-12,2025-05-18,P.M.P AGNEAUX,10.51,-0.09,EUR/kg carcasse,COT-VRO-ovins_PMP-A25-S20.csv
2025,20,,2025-05-12,2025-05-18,MOYENNE AGNEAUX METROPOLE RUNGIS,11.31,-0.05,EUR/kg carcasse,COT-VRO-ovins_PMP-A25-S20.csv
2025,21,,2025-05-19,2025-05-25,P.M.P AGNEAUX,10.35,-0.16,EUR/kg carcasse,COT-VRO-ovins_PMP-A25-S21.csv
2025,21,,2025-05-19,2025-05-25,MOYENNE AGNEAUX METROPOLE RUNGIS,11.31,0,EUR/kg carcasse,COT-VRO-ovins_PMP-A25-S21.csv
2025,22,,2025-05-26,2025-06-01,P.M.P AGNEAUX,10.34,-0.01,EUR/kg carcasse,COT-VRO-ovins_PMP-A25-S22.csv
2025,22,,2025-05-26,2025-06-01,MOYENNE AGNEAUX METROPOLE RUNGIS,11.23,-0.08,EUR/kg carcasse,COT-VRO-ovins_PMP-A25-S22.csv
2025,23,,2025-06-02,2025-06-08,P.M.P AGNEAUX,10.26,-0.08,EUR/kg carcasse,COT-VRO-ovins_PMP-A25-S23.csv
2025,23,,2025-06-02,2025-06-08,MOYENNE AGNEAUX METROPOLE RUNGIS,11.28,0.05,EUR/kg carcasse,COT-VRO-ovins_PMP-A25-S23.csv
2025,24,,2025-06-09,2025-06-15,P.M.P AGNEAUX,10.25,-0.01,EUR/kg carcasse,COT-VRO-ovins_PMP-A25-S24.csv
2025,24,,2025-06-09,2025-06-15,MOYENNE AGNEAUX METROPOLE RUNGIS,11.28,0,EUR/kg carcasse,COT-VRO-ovins_PMP-A25-S24.csv
2025,25,,2025-06-16,2025-06-22,P.M.P AGNEAUX,10.12,-0.13,EUR/kg carcasse,COT-VRO-ovins_PMP-A25-S25.csv
2025,25,,2025-06-16,2025-06-22,MOYENNE AGNEAUX METROPOLE RUNGIS,11.24,-0.04,EUR/kg carcasse,COT-VRO-ovins_PMP-A25-S25.csv
2025,26,,2025-06-23,2025-06-29,P.M.P AGNEAUX,9.98,-0.14,EUR/kg carcasse,COT-VRO-ovins_PMP-A25-S26.csv
2025,26,,2025-06-23,2025-06-29,MOYENNE AGNEAUX METROPOLE RUNGIS,11.04,-0.2,EUR/kg carcasse,COT-VRO-ovins_PMP-A25-S26.csv
2025,27,,2025-06-30,2025-07-06,P.M.P AGNEAUX,9.69,-0.29,EUR/kg carcasse,COT-VRO-ovins_PMP-A25-S27.csv
2025,27,,2025-06-30,2025-07-06,MOYENNE AGNEAUX METROPOLE RUNGIS,10.86,-0.18,EUR/kg carcasse,COT-VRO-ovins_PMP-A25-S27.csv
2025,28,,2025-07-07,2025-07-13,P.M.P AGNEAUX,9.53,-0.16,EUR/kg carcasse,COT-VRO-ovins_PMP-A25-S28.csv
2025,28,,2025-07-07,2025-07-13,MOYENNE AGNEAUX METROPOLE RUNGIS,10.73,-0.13,EUR/kg carcasse,COT-VRO-ovins_PMP-A25-S28.csv
2025,29,,2025-07-14,2025-07-20,P.M.P AGNEAUX,9.39,-0.14,EUR/kg carcasse,COT-VRO-ovins_PMP-A25-S29.csv
2025,29,,2025-07-14,2025-07-20,MOYENNE AGNEAUX METROPOLE RUNGIS,10.66,-0.07,EUR/kg carcasse,COT-VRO-ovins_PMP-A25-S29.csv
2025,30,,2025-07-21,2025-07-27,P.M.P AGNEAUX,9.25,-0.14,EUR/kg carcasse,COT-VRO-ovins_PMP-A25-S30.csv
2025,30,,2025-07-21,2025-07-27,MOYENNE AGNEAUX METROPOLE RUNGIS,10.72,0.06,EUR/kg carcasse,COT-VRO-ovins_PMP-A25-S30.csv
2025,31,,2025-07-28,2025-08-03,P.M.P AGNEAUX,9.08,-0.17,EUR/kg carcasse,COT-VRO-ovins_PMP-A25-S31.csv
2025,31,,2025-07-28,2025-08-03,MOYENNE AGNEAUX METROPOLE RUNGIS,10.69,-0.03,EUR/kg carcasse,COT-VRO-ovins_PMP-A25-S31.csv
2025,32,,2025-08-04,2025-08-10,P.M.P AGNEAUX,8.92,-0.16,EUR/kg carcasse,COT-VRO-ovins_PMP-A25-S32.csv
2025,32,,2025-08-04,2025-08-10,MOYENNE AGNEAUX METROPOLE RUNGIS,10.69,0,EUR/kg carcasse,COT-VRO-ovins_PMP-A25-S32.csv
2025,33,,2025-08-11,2025-08-17,P.M.P AGNEAUX,8.88,-0.04,EUR/kg carcasse,COT-VRO-ovins_PMP-A25-S33.csv
2025,33,,2025-08-11,2025-08-17,MOYENNE AGNEAUX METROPOLE RUNGIS,10.69,0,EUR/kg carcasse,COT-VRO-ovins_PMP-A25-S33.csv
2025,34,,2025-08-18,2025-08-24,P.M.P AGNEAUX,8.68,-0.2,EUR/kg carcasse,COT-VRO-ovins_PMP-A25-S34.csv
2025,34,,2025-08-18,2025-08-24,MOYENNE AGNEAUX METROPOLE RUNGIS,10.69,0,EUR/kg carcasse,COT-VRO-ovins_PMP-A25-S34.csv
2025,35,,2025-08-25,2025-08-31,P.M.P AGNEAUX,8.77,0.09,EUR/kg carcasse,COT-VRO-ovins_PMP-A25-S35.csv
2025,35,,2025-08-25,2025-08-31,MOYENNE AGNEAUX METROPOLE RUNGIS,10.71,0.02,EUR/kg carcasse,COT-VRO-ovins_PMP-A25-S35.csv
2025,36,,2025-09-01,2025-09-07,P.M.P AGNEAUX,8.7,-0.07,EUR/kg carcasse,COT-VRO-ovins_PMP-A25-S36.csv
2025,36,,2025-09-01,2025-09-07,MOYENNE AGNEAUX METROPOLE RUNGIS,10.71,0,EUR/kg carcasse,COT-VRO-ovins_PMP-A25-S36.csv
2025,37,,2025-09-08,2025-09-14,P.M.P AGNEAUX,8.69,-0.01,EUR/kg carcasse,COT-VRO-ovins_PMP-A25-S37.csv
2025,37,,2025-09-08,2025-09-14,MOYENNE AGNEAUX METROPOLE RUNGIS,10.55,-0.16,EUR/kg carcasse,COT-VRO-ovins_PMP-A25-S37.csv
2025,38,,2025-09-15,2025-09-21,P.M.P AGNEAUX,8.7,0.01,EUR/kg carcasse,COT-VRO-ovins_PMP-A25-S38.csv
2025,38,,2025-09-15,2025-09-21,MOYENNE AGNEAUX METROPOLE RUNGIS,10.43,-0.12,EUR/kg carcasse,COT-VRO-ovins_PMP-A25-S38.csv
2025,39,,2025-09-22,2025-09-28,P.M.P AGNEAUX,8.68,-0.02,EUR/kg carcasse,COT-VRO-ovins_PMP-A25-S39.csv
2025,39,,2025-09-22,2025-09-28,MOYENNE AGNEAUX METROPOLE RUNGIS,10.38,-0.05,EUR/kg carcasse,COT-VRO-ovins_PMP-A25-S39.csv
2025,40,,2025-09-29,2025-10-05,P.M.P AGNEAUX,8.62,-0.06,EUR/kg carcasse,COT-VRO-ovins_PMP-A25-S40.csv
2025,40,,2025-09-29,2025-10-05,MOYENNE AGNEAUX METROPOLE RUNGIS,10.32,-0.06,EUR/kg carcasse,COT-VRO-ovins_PMP-A25-S40.csv
2025,41,,2025-10-06,2025-10-12,P.M.P AGNEAUX,8.71,0.09,EUR/kg carcasse,COT-VRO-ovins_PMP-A25-S41.csv
2025,41,,2025-10-06,2025-10-12,MOYENNE AGNEAUX METROPOLE RUNGIS,10.08,-0.24,EUR/kg carcasse,COT-VRO-ovins_PMP-A25-S41.csv
2025,42,,2025-10-13,2025-10-19,P.M.P AGNEAUX,8.74,0.03,EUR/kg carcasse,COT-VRO-ovins_PMP-A25-S42.csv
2025,42,,2025-10-13,2025-10-19,MOYENNE AGNEAUX METROPOLE RUNGIS,10.15,0.07,EUR/kg carcasse,COT-VRO-ovins_PMP-A25-S42.csv
2025,43,,2025-10-20,2025-10-26,P.M.P AGNEAUX,8.81,0.07,EUR/kg carcasse,COT-VRO-ovins_PMP-A25-S43.csv
2025,43,,2025-10-20,2025-10-26,MOYENNE AGNEAUX METROPOLE RUNGIS,10.15,0,EUR/kg carcasse,COT-VRO-ovins_PMP-A25-S43.csv
2025,44,,2025-10-27,2025-11-02,P.M.P AGNEAUX,8.81,0,EUR/kg carcasse,COT-VRO-ovins_PMP-A25-S44.csv
2025,44,,2025-10-27,2025-11-02,MOYENNE AGNEAUX METROPOLE RUNGIS,10.15,0,EUR/kg carcasse,COT-VRO-ovins_PMP-A25-S44.csv
2025,45,,2025-11-03,2025-11-09,P.M.P AGNEAUX,8.87,0.06,EUR/kg carcasse,COT-VRO-ovins_PMP-A25-S45.csv
2025,45,,2025-11-03,2025-11-09,MOYENNE AGNEAUX METROPOLE RUNGIS,10.15,0,EUR/kg carcasse,COT-VRO-ovins_PMP-A25-S45.csv
2025,46,,2025-11-10,2025-11-16,P.M.P AGNEAUX,9.02,0.15,EUR/kg carcasse,COT-VRO-ovins_PMP-A25-S46.csv
2025,46,,2025-11-10,2025-11-16,MOYENNE AGNEAUX METROPOLE RUNGIS,10.4,0.25,EUR/kg carcasse,COT-VRO-ovins_PMP-A25-S46.csv
2025,47,,2025-11-17,2025-11-23,P.M.P AGNEAUX,9.27,0.25,EUR/kg carcasse,COT-VRO-ovins_PMP-A25-S47.csv
2025,47,,2025-11-17,2025-11-23,MOYENNE AGNEAUX METROPOLE RUNGIS,10.51,0.11,EUR/kg carcasse,COT-VRO-ovins_PMP-A25-S47.csv
2025,48,,2025-11-24,2025-11-30,P.M.P AGNEAUX,9.52,0.25,EUR/kg carcasse,COT-VRO-ovins_PMP-A25-S48.csv
2025,48,,2025-11-24,2025-11-30,MOYENNE AGNEAUX METROPOLE RUNGIS,10.51,0,EUR/kg carcasse,COT-VRO-ovins_PMP-A25-S48.csv
2025,49,,2025-12-01,2025-12-07,P.M.P AGNEAUX,9.66,0.14,EUR/kg carcasse,COT-VRO-ovins_PMP-A25-S49.csv
2025,49,,2025-12-01,2025-12-07,MOYENNE AGNEAUX METROPOLE RUNGIS,10.54,0.03,EUR/kg carcasse,COT-VRO-ovins_PMP-A25-S49.csv
2025,50,,2025-12-08,2025-12-14,P.M.P AGNEAUX,9.82,0.16,EUR/kg carcasse,COT-VRO-ovins_PMP-A25-S50.csv
2025,50,,2025-12-08,2025-12-14,MOYENNE AGNEAUX METROPOLE RUNGIS,10.63,0.09,EUR/kg carcasse,COT-VRO-ovins_PMP-A25-S50.csv
2025,51,,2025-12-15,2025-12-21,P.M.P AGNEAUX,9.84,0.02,EUR/kg carcasse,COT-VRO-ovins_PMP-A25-S51.csv
2025,51,,2025-12-15,2025-12-21,MOYENNE AGNEAUX METROPOLE RUNGIS,10.84,0.21,EUR/kg carcasse,COT-VRO-ovins_PMP-A25-S51.csv
2025,52,,2025-12-22,2025-12-28,P.M.P AGNEAUX,9.85,0.01,EUR/kg carcasse,COT-VRO-ovins_PMP-A25-S52.csv
2025,52,,2025-12-22,2025-12-28,MOYENNE AGNEAUX METROPOLE RUNGIS,11.27,0.43,EUR/kg carcasse,COT-VRO-ovins_PMP-A25-S52.csv
2026,1,,2025-12-29,2026-01-04,P.M.P AGNEAUX,9.96,0.11,EUR/kg carcasse,COT-VRO-ovins_PMP-A26-S01.csv
2026,1,,2025-12-29,2026-01-04,MOYENNE AGNEAUX METROPOLE RUNGIS,11.32,0.05,EUR/kg carcasse,COT-VRO-ovins_PMP-A26-S01.csv
2026,2,,2026-01-05,2026-01-11,P.M.P AGNEAUX,9.95,-0.01,EUR/kg carcasse,COT-VRO-ovins_PMP-A26-S02.csv
2026,2,,2026-01-05,2026-01-11,MOYENNE AGNEAUX METROPOLE RUNGIS,11.34,0.02,EUR/kg carcasse,COT-VRO-ovins_PMP-A26-S02.csv
2026,3,,2026-01-12,2026-01-18,P.M.P AGNEAUX,9.95,0,EUR/kg carcasse,COT-VRO-ovins_PMP-A26-S03.csv
2026,3,,2026-01-12,2026-01-18,MOYENNE AGNEAUX METROPOLE RUNGIS,11.34,0,EUR/kg carcasse,COT-VRO-ovins_PMP-A26-S03.csv
2026,4,,2026-01-19,2026-01-25,P.M.P AGNEAUX,10.02,0.07,EUR/kg carcasse,COT-VRO-ovins_PMP-A26-S04.csv
2026,4,,2026-01-19,2026-01-25,MOYENNE AGNEAUX METROPOLE RUNGIS,11.22,-0.12,EUR/kg carcasse,COT-VRO-ovins_PMP-A26-S04.csv
2026,5,,2026-01-26,2026-02-01,P.M.P AGNEAUX,9.91,-0.11,EUR/kg carcasse,COT-VRO-ovins_PMP-A26-S05.csv
2026,5,,2026-01-26,2026-02-01,MOYENNE AGNEAUX METROPOLE RUNGIS,11.2,-0.02,EUR/kg carcasse,COT-VRO-ovins_PMP-A26-S05.csv
2026,6,,2026-02-02,2026-02-08,P.M.P AGNEAUX,9.73,-0.18,EUR/kg carcasse,COT-VRO-ovins_PMP-A26-S06.csv
2026,6,,2026-02-02,2026-02-08,MOYENNE AGNEAUX METROPOLE RUNGIS,11.2,0,EUR/kg carcasse,COT-VRO-ovins_PMP-A26-S06.csv
2026,7,,2026-02-09,2026-02-15,P.M.P AGNEAUX,9.7,-0.03,EUR/kg carcasse,COT-VRO-ovins_PMP-A26-S07.csv
2026,7,,2026-02-09,2026-02-15,MOYENNE AGNEAUX METROPOLE RUNGIS,11.2,0,EUR/kg carcasse,COT-VRO-ovins_PMP-A26-S07.csv
2026,8,,2026-02-16,2026-02-22,P.M.P AGNEAUX,9.7,0,EUR/kg carcasse,COT-VRO-ovins_PMP-A26-S08.csv
2026,8,,2026-02-16,2026-02-22,MOYENNE AGNEAUX METROPOLE RUNGIS,11.25,0.05,EUR/kg carcasse,COT-VRO-ovins_PMP-A26-S08.csv
2026,9,,2026-02-23,2026-03-01,P.M.P AGNEAUX,9.73,0.03,EUR/kg carcasse,COT-VRO-ovins_PMP-A26-S09.csv
2026,9,,2026-02-23,2026-03-01,MOYENNE AGNEAUX METROPOLE RUNGIS,11.03,-0.22,EUR/kg carcasse,COT-VRO-ovins_PMP-A26-S09.csv
2026,10,,2026-03-02,2026-03-08,P.M.P AGNEAUX,9.94,0.21,EUR/kg carcasse,COT-VRO-ovins_PMP-A26-S10.csv
2026,10,,2026-03-02,2026-03-08,MOYENNE AGNEAUX METROPOLE RUNGIS,10.97,-0.06,EUR/kg carcasse,COT-VRO-ovins_PMP-A26-S10.csv
2026,11,,2026-03-09,2026-03-15,P.M.P AGNEAUX,10.05,0.11,EUR/kg carcasse,COT-VRO-ovins_PMP-A26-S11.csv
2026,11,,2026-03-09,2026-03-15,MOYENNE AGNEAUX METROPOLE RUNGIS,11.07,0.1,EUR/kg carcasse,COT-VRO-ovins_PMP-A26-S11.csv
2026,12,,2026-03-16,2026-03-22,P.M.P AGNEAUX,10.37,0.32,EUR/kg carcasse,COT-VRO-ovins_PMP-A26-S12.csv
2026,12,,2026-03-16,2026-03-22,MOYENNE AGNEAUX METROPOLE RUNGIS,11.39,0.32,EUR/kg carcasse,COT-VRO-ovins_PMP-A26-S12.csv
2026,13,,2026-03-23,2026-03-29,P.M.P AGNEAUX,10.74,0.37,EUR/kg carcasse,COT-VRO-ovins_PMP-A26-S13.csv
2026,13,,2026-03-23,2026-03-29,MOYENNE AGNEAUX METROPOLE RUNGIS,12.06,0.67,EUR/kg carcasse,COT-VRO-ovins_PMP-A26-S13.csv
2026,14,,2026-03-30,2026-04-05,P.M.P AGNEAUX,10.83,0.09,EUR/kg carcasse,COT-VRO-ovins_PMP-A26-S14.csv
2026,14,,2026-03-30,2026-04-05,MOYENNE AGNEAUX METROPOLE RUNGIS,12.59,0.53,EUR/kg carcasse,COT-VRO-ovins_PMP-A26-S14.csv
2026,15,,2026-04-06,2026-04-12,P.M.P AGNEAUX,10.71,-0.12,EUR/kg carcasse,COT-VRO-ovins_PMP-A26-S15.csv
2026,15,,2026-04-06,2026-04-12,MOYENNE AGNEAUX METROPOLE RUNGIS,12.43,-0.16,EUR/kg carcasse,COT-VRO-ovins_PMP-A26-S15.csv
2026,16,,2026-04-13,2026-04-19,P.M.P AGNEAUX,10.67,-0.04,EUR/kg carcasse,COT-VRO-ovins_PMP-A26-S16.csv
2026,16,,2026-04-13,2026-04-19,MOYENNE AGNEAUX METROPOLE RUNGIS,12.22,-0.21,EUR/kg carcasse,COT-VRO-ovins_PMP-A26-S16.csv
2026,17,,2026-04-20,2026-04-26,P.M.P AGNEAUX,10.53,-0.14,EUR/kg carcasse,COT-VRO-ovins_PMP-A26-S17.csv
2026,17,,2026-04-20,2026-04-26,MOYENNE AGNEAUX METROPOLE RUNGIS,11.92,-0.3,EUR/kg carcasse,COT-VRO-ovins_PMP-A26-S17.csv
2026,18,,2026-04-27,2026-05-03,P.M.P AGNEAUX,10.49,-0.04,EUR/kg carcasse,COT-VRO-ovins_PMP-A26-S18.csv
2026,18,,2026-04-27,2026-05-03,MOYENNE AGNEAUX METROPOLE RUNGIS,11.69,-0.23,EUR/kg carcasse,COT-VRO-ovins_PMP-A26-S18.csv
2026,19,,2026-05-04,2026-05-10,P.M.P AGNEAUX,10.5,0.01,EUR/kg carcasse,COT-VRO-ovins_PMP-A26-S19.csv
2026,19,,2026-05-04,2026-05-10,MOYENNE AGNEAUX METROPOLE RUNGIS,11.64,-0.05,EUR/kg carcasse,COT-VRO-ovins_PMP-A26-S19.csv
2026,20,,2026-05-11,2026-05-17,P.M.P AGNEAUX,10.55,0.05,EUR/kg carcasse,COT-VRO-ovins_PMP-A26-S20.csv
2026,20,,2026-05-11,2026-05-17,MOYENNE AGNEAUX METROPOLE RUNGIS,11.6,-0.04,EUR/kg carcasse,COT-VRO-ovins_PMP-A26-S20.csv
2026,21,,2026-05-18,2026-05-24,P.M.P AGNEAUX,10.55,0,EUR/kg carcasse,COT-VRO-ovins_PMP-A26-S21.csv
2026,21,,2026-05-18,2026-05-24,MOYENNE AGNEAUX METROPOLE RUNGIS,11.85,0.25,EUR/kg carcasse,COT-VRO-ovins_PMP-A26-S21.csv
2026,22,,2026-05-25,2026-05-31,P.M.P AGNEAUX,10.52,-0.03,EUR/kg carcasse,COT-VRO-ovins_PMP-A26-S22.csv
2026,22,,2026-05-25,2026-05-31,MOYENNE AGNEAUX METROPOLE RUNGIS,11.97,0.12,EUR/kg carcasse,COT-VRO-ovins_PMP-A26-S22.csv
2026,23,,2026-06-01,2026-06-07,P.M.P AGNEAUX,10.46,-0.06,EUR/kg carcasse,COT-VRO-ovins_PMP-A26-S23.csv
2026,23,,2026-06-01,2026-06-07,MOYENNE AGNEAUX METROPOLE RUNGIS,11.96,-0.01,EUR/kg carcasse,COT-VRO-ovins_PMP-A26-S23.csv
2026,24,,2026-06-08,2026-06-14,P.M.P AGNEAUX,10.42,-0.04,EUR/kg carcasse,COT-VRO-ovins_PMP-A26-S24.csv
2026,24,,2026-06-08,2026-06-14,MOYENNE AGNEAUX METROPOLE RUNGIS,12,0.04,EUR/kg carcasse,COT-VRO-ovins_PMP-A26-S24.csv
2026,25,,2026-06-15,2026-06-21,P.M.P AGNEAUX,10.3,-0.12,EUR/kg carcasse,COT-VRO-ovins_PMP-A26-S25.csv
2026,25,,2026-06-15,2026-06-21,MOYENNE AGNEAUX METROPOLE RUNGIS,11.87,-0.13,EUR/kg carcasse,COT-VRO-ovins_PMP-A26-S25.csv
2026,26,,2026-06-22,2026-06-28,P.M.P AGNEAUX,10.08,-0.22,EUR/kg carcasse,COT-VRO-ovins_PMP-A26-S26.csv
2026,26,,2026-06-22,2026-06-28,MOYENNE AGNEAUX METROPOLE RUNGIS,11.63,-0.24,EUR/kg carcasse,COT-VRO-ovins_PMP-A26-S26.csv
2026,27,,2026-06-29,2026-07-05,P.M.P AGNEAUX,9.56,-0.52,EUR/kg carcasse,COT-VRO-ovins_PMP-A26-S27.csv
2026,27,,2026-06-29,2026-07-05,MOYENNE AGNEAUX METROPOLE RUNGIS,11.13,-0.5,EUR/kg carcasse,COT-VRO-ovins_PMP-A26-S27.csv
2026,28,,2026-07-06,2026-07-12,P.M.P AGNEAUX,9.39,-0.17,EUR/kg carcasse,COT-VRO-ovins_PMP-A26-S28.csv
2026,28,,2026-07-06,2026-07-12,MOYENNE AGNEAUX METROPOLE RUNGIS,10.85,-0.28,EUR/kg carcasse,COT-VRO-ovins_PMP-A26-S28.csv
2026,29,,2026-07-13,2026-07-19,P.M.P AGNEAUX,9.32,-0.07,EUR/kg carcasse,COT-VRO-ovins_PMP-A26-S29.csv
2026,29,,2026-07-13,2026-07-19,MOYENNE AGNEAUX METROPOLE RUNGIS,10.83,-0.02,EUR/kg carcasse,COT-VRO-ovins_PMP-A26-S29.csv
2026,30,,2026-07-20,2026-07-26,P.M.P AGNEAUX,9.27,-0.05,EUR/kg carcasse,COT-VRO-ovins_PMP-A26-S30.csv
2026,30,,2026-07-20,2026-07-26,MOYENNE AGNEAUX METROPOLE RUNGIS,10.76,-0.07,EUR/kg carcasse,COT-VRO-ovins_PMP-A26-S30.csv
2026,31,,2026-07-27,2026-08-02,P.M.P AGNEAUX,9.12,-0.15,EUR/kg carcasse,COT-VRO-ovins_PMP-A26-S31.csv
2026,31,,2026-07-27,2026-08-02,MOYENNE AGNEAUX METROPOLE RUNGIS,10.47,-0.29,EUR/kg carcasse,COT-VRO-ovins_PMP-A26-S31.csv
2026,32,,2026-08-03,2026-08-09,P.M.P AGNEAUX,9.11,-0.01,EUR/kg carcasse,COT-VRO-ovins_PMP-A26-S32.csv
2026,32,,2026-08-03,2026-08-09,MOYENNE AGNEAUX METROPOLE RUNGIS,10.37,-0.1,EUR/kg carcasse,COT-VRO-ovins_PMP-A26-S32.csv
2026,33,,2026-08-10,2026-08-16,P.M.P AGNEAUX,9.06,-0.05,EUR/kg carcasse,COT-VRO-ovins_PMP-A26-S33.csv
2026,33,,2026-08-10,2026-08-16,MOYENNE AGNEAUX METROPOLE RUNGIS,10.37,0,EUR/kg carcasse,COT-VRO-ovins_PMP-A26-S33.csv
2026,34,,2026-08-17,2026-08-23,P.M.P AGNEAUX,9.02,-0.04,EUR/kg carcasse,COT-VRO-ovins_PMP-A26-S34.csv
2026,34,,2026-08-17,2026-08-23,MOYENNE AGNEAUX METROPOLE RUNGIS,10.37,0,EUR/kg carcasse,COT-VRO-ovins_PMP-A26-S34.csv
2026,35,,2026-08-24,2026-08-30,P.M.P AGNEAUX,9.06,0.04,EUR/kg carcasse,COT-VRO-ovins_PMP-A26-S35.csv
2026,35,,2026-08-24,2026-08-30,MOYENNE AGNEAUX METROPOLE RUNGIS,10.37,0,EUR/kg carcasse,COT-VRO-ovins_PMP-A26-S35.csv
2026,36,,2026-08-31,2026-09-06,P.M.P AGNEAUX,9.01,-0.05,EUR/kg carcasse,COT-VRO-ovins_PMP-A26-S36.csv
2026,36,,2026-08-31,2026-09-06,MOYENNE AGNEAUX METROPOLE RUNGIS,10.29,-0.08,EUR/kg carcasse,COT-VRO-ovins_PMP-A26-S36.csv
2026,37,,2026-09-07,2026-09-13,P.M.P AGNEAUX,9.01,0,EUR/kg carcasse,COT-VRO-ovins_PMP-A26-S37.csv
2026,37,,2026-09-07,2026-09-13,MOYENNE AGNEAUX METROPOLE RUNGIS,10.27,-0.02,EUR/kg carcasse,COT-VRO-ovins_PMP-A26-S37.csv
